"","order","family","genus","species.epithet","stem.length.m","VD.base.um","VD.tip.um","min.length.leaf","max.length.leaf","min.length.petiole","max.length.petiole","min.length.blade","max.length.blade","min.width.blade","max.width.blade","leaf.type","length.leaf.cm","width.leaf.cm","species","long.hoja","long.hoja.mean","long.lam.pet.mean"
"1","Alismatales","Araceae","Anthurium","scandens",1.04,23.69,15.11,NA,NA,2,8.5,3.5,13,1.5,5,"simple",NA,NA,"Anthurium_scandens",5,NA,13.5
"2","Alismatales","Araceae","Dieffenbachia","seguine",0.78,66.17,28.65,NA,NA,1,16,5,15,2.5,9,"simple",NA,NA,"Dieffenbachia_seguine",9,NA,18.5
"3","Apiales","Araliaceae","Aralia","excelsa",14.23,126.92,51.5,NA,NA,NA,NA,NA,NA,40,50,"compound",200,NA,"Aralia_excelsa",50,NA,NA
"4","Apiales","Araliaceae","Dendropanax","arboreus",11.61,77.86,28.67,NA,NA,NA,40,6,26,3,14,"simple",NA,NA,"Dendropanax_arboreus",14,NA,NA
"5","Apiales","Araliaceae","Hedera","helix",10.5,44.53,14.19,4.165,12.17,1.718,8.162,2.447,5.03,3.358,8.512,"simple",7.84,6.0266,"Hedera_helix",8.512,8.1675,8.6785
"6","Apiales","Araliaceae","Polyscias","murrayi",25.33,92.48,30.89,NA,NA,NA,NA,NA,NA,10,32,"compound",130,22,"Polyscias_murrayi",32,NA,NA
"8","Apiales","Pennantiaceae","Pennantia","cunninghamii",7.57,50.11,20.06,10,16,NA,NA,NA,NA,5,8,"simple",NA,NA,"Pennantia_cunninghamii",8,13,NA
"9","Apiales","Pittosporaceae","Billardiera","scandens",3.28,34.51,12.06,1.711,3.934,0.214,0.458,1.539,3.476,0.413,1.456,"simple",2.552,0.8698,"Billardiera_scandens",1.456,2.8225,2.8435
"10","Apiales","Pittosporaceae","Citriobatus","pauciflorus",1.27,36.13,23.66,0.531,1.642,0.102,0.311,0.965,1.412,0.457,0.735,"simple",1.2452,0.5878,"Citriobatus_pauciflorus",0.735,1.0865,1.395
"11","Apiales","Pittosporaceae","Pittosporum","undulatum",11.12,46.96,17.81,7.903,13.991,1.085,2.381,6.818,11.61,2.11,3.592,"simple",11.3062,3.0652,"Pittosporum_undulatum",3.592,10.947,10.947
"12","Aquifoliales","Aquifoliaceae","Ilex","aquifolium",5.73,32.08,10.31,4.147,11.24,0.567,1.285,3.58,10.051,1.141,4.971,"simple",7.8406,2.9074,"Ilex_aquifolium",4.971,7.6935,7.7415
"13","Aquifoliales","Aquifoliaceae","Ilex","sebertii",6.26,55.51,12.13,5.749,10.575,1.002,2.161,4.535,8.414,2.814,5.229,"simple",7.4934,3.5344,"Ilex_sebertii",5.229,8.162,8.056
"14","Aquifoliales","Aquifoliaceae","Ilex","verticillata",5.07,30.76,10.36,NA,NA,0.5,1,2,8,2,4,"simple",NA,NA,"Ilex_verticillata",4,NA,5.75
"15","Aquifoliales","Cardiopteridaceae","Citronella","smythii",5.62,65.93,22.79,11.345,15.94,1.071,1.296,10.116,14.869,3.932,6.516,"simple",14.138,5.4016,"Citronella_smythii",6.516,13.6425,13.676
"16","Aquifoliales","Stemonuraceae","Gomphandra","australiana",14.07,101.53,26.24,NA,NA,0.7,1.5,6,17,5,8,"simple",NA,NA,"Gomphandra_australiana",8,NA,12.6
"17","Arecales","Arecaceae","Astrocaryum","mexicanum",3.54,67.99,54.3,100,160,NA,NA,40,100,80,200,"compound",NA,NA,"Astrocaryum_mexicanum",200,130,NA
"18","Arecales","Arecaceae","Bactris","trichophylla",1.93,74.56,65.01,NA,NA,NA,NA,NA,NA,NA,NA,"compound",150,80,"Bactris_trichophylla",NA,NA,NA
"19","Arecales","Arecaceae","Calamus","radicalis",31.5,272.49,130.37,NA,NA,NA,NA,NA,NA,15,30,"compound",300,NA,"Calamus_radicalis",30,NA,NA
"20","Arecales","Arecaceae","Livistona","australis",6.67,92.8,38.27,NA,NA,140,250,110,130,NA,NA,"simple",NA,NA,"Livistona_australis",NA,NA,315
"21","Arecales","Arecaceae","Reinhardtia","gracilis",1.1,41.39,33.95,12,30,7,60,8.5,25,2.6,13,"compound",NA,NA,"Reinhardtia_gracilis",13,21,50.25
"22","Arecales","Arecaceae","Washingtonia","robusta",11.3,77.23,65.82,NA,NA,81,154,93,113,90,148,"simple",NA,NA,"Washingtonia_robusta",148,NA,220.5
"24","Asparagales","Asparagaceae","Eustrephus","latifolius",4.12,52.93,31.54,NA,NA,0.1,0.3,4,10.5,1.2,3.5,"simple",9.5,NA,"Eustrephus_latifolius",3.5,NA,7.45
"25","Asterales","Alseuosmiaceae","Crispiloba","disperma",4.49,33.62,17.21,9.764,11.517,0.518,1.371,9.246,10.774,2.709,3.272,"simple",10.808,3.027667,"Crispiloba_disperma",3.272,10.6405,10.9545
"26","Asterales","Alseuosmiaceae","Platyspermation","crassifolium",2.6,30.94,17.56,4.961,7.756,0.779,0.872,4.089,6.977,1.173,1.47,"simple",6.407333,1.286,"Platyspermation_crassifolium",1.47,6.3585,6.3585
"27","Asterales","Argophyllaceae","Argophyllum","cryptophlebum",0.97,27.32,19,NA,NA,1.3,3.8,4.1,13.1,2.1,6.1,"simple",11.15,NA,"Argophyllum_cryptophlebum",6.1,NA,11.15
"28","Asterales","Argophyllaceae","Argophyllum","grunowii",2.2,30.38,18.6,6.724,14.732,1.614,3.714,5.11,11.018,2.13,5.283,"simple",10.522,3.722,"Argophyllum_grunowii",5.283,10.728,10.728
"29","Asterales","Argophyllaceae","Argophyllum","nitidum",5,88.99,9.82,6.033,13.058,1.094,2.517,4.939,10.541,2.514,4.678,"simple",10.7294,3.637,"Argophyllum_nitidum",4.678,9.5455,9.5455
"30","Asterales","Argophyllaceae","Argophyllum","vernicosum",1.82,44.56,11.95,8.102,26.838,1.594,8.097,6.508,18.741,2.379,10.787,"simple",15.8414,5.6322,"Argophyllum_vernicosum",10.787,17.47,17.47
"32","Asterales","Asteraceae","Ambrosia","artemisiifolia",0.9,24.84,15.13,NA,NA,2.5,3.5,2.5,5.5,2,3,"simple",NA,NA,"Ambrosia_artemisiifolia",3,NA,7
"33","Asterales","Asteraceae","Artemisia","californica",1.1,24.44,11.3,NA,NA,NA,NA,3,5,0.5,2,"simple",NA,NA,"Artemisia_californica",2,NA,NA
"34","Asterales","Asteraceae","Baccharis","reticulata",0.64,27.64,11.82,NA,NA,NA,NA,NA,NA,NA,NA,"simple",1,5,"Baccharis_reticulata",NA,NA,NA
"36","Asterales","Asteraceae","Brickellia","californica",1.72,41.3,17.67,NA,NA,0.5,6,1,10,1,9,"simple",NA,NA,"Brickellia_californica",9,NA,8.75
"37","Asterales","Asteraceae","Cassinia","denticulata",1.29,23.06,14.66,0.676,1.725,NA,NA,0.676,1.725,0.329,0.576,"simple",1.458,0.4224,"Cassinia_denticulata",0.576,1.2005,NA
"38","Asterales","Asteraceae","Chiliotrichum","diffusum",0.84,17.13,8.52,1.18,1.858,NA,NA,1.18,1.858,0.355,0.48,"simple",1.532,0.4326,"Chiliotrichum_diffusum",0.48,1.519,NA
"40","Asterales","Asteraceae","Delairea","odorata",2.11,68.44,23.01,7,8,NA,NA,3,8,NA,NA,"simple",NA,NA,"Delairea_odorata",NA,7.5,NA
"41","Asterales","Asteraceae","Encelia","virginensis_var_actonii",0.59,40.95,16.54,NA,NA,0.6,1.2,2.5,4,NA,NA,"simple",NA,NA,"Encelia_virginensis_var_actonii",NA,NA,4.15
"42","Asterales","Asteraceae","Ericameria","arborescens",0.77,28.28,10.05,2.5,9,NA,NA,2.5,9,0.05,0.3,"simple",NA,NA,"Ericameria_arborescens",0.3,5.75,NA
"43","Asterales","Asteraceae","Ericameria","martirensis",0.32,25.13,9.09,0.6,1,NA,NA,NA,NA,0.1,0.2,"simple",NA,NA,"Ericameria_martirensis",0.2,0.8,NA
"44","Asterales","Asteraceae","Ericameria","pinifolia",0.38,30.92,9.72,NA,NA,NA,NA,1.2,3.5,0.05,0.105,"simple",NA,NA,"Ericameria_pinifolia",0.105,NA,NA
"45","Asterales","Asteraceae","Gochnatia","polymorpha",8.8,62.6,10.43,8,12,NA,NA,NA,NA,3,5,"simple",NA,NA,"Gochnatia_polymorpha",5,10,NA
"46","Asterales","Asteraceae","Gynoxys","cuicochensis",1.17,18.92,13.08,NA,10,NA,NA,NA,NA,NA,NA,"simple",NA,NA,"Gynoxys_cuicochensis",NA,NA,NA
"47","Asterales","Asteraceae","Hazardia","squarrosa",0.64,19.76,11.34,NA,NA,NA,NA,1.3,3.5,0.5,1.7,"simple",NA,NA,"Hazardia_squarrosa",1.7,NA,NA
"48","Asterales","Asteraceae","Hieracium","hieronymi",0.65,31.67,14.13,4.7,12.25,NA,NA,NA,NA,0.27,3.75,"simple",NA,NA,"Hieracium_hieronymi",3.75,8.475,NA
"49","Asterales","Asteraceae","Malacothrix","saxatilis",1.13,24.8,16.18,2,12,NA,NA,NA,NA,NA,NA,"simple",NA,NA,"Malacothrix_saxatilis",NA,7,NA
"50","Asterales","Asteraceae","Ozothamnus","hookeri",0.47,15.98,4.08,0.1,0.3,NA,NA,NA,NA,0.05,0.1,"simple",NA,NA,"Ozothamnus_hookeri",0.1,0.2,NA
"51","Asterales","Asteraceae","Ozothamnus","ledifolius",0.27,18.84,3.63,0.6,1.4,NA,NA,NA,NA,0.1,0.2,"simple",NA,NA,"Ozothamnus_ledifolius",0.2,1,NA
"52","Asterales","Asteraceae","Ozothamnus","rodwayi",0.61,27.19,13.95,0.4,1,0,0.15,NA,NA,0.2,0.5,"simple",NA,NA,"Ozothamnus_rodwayi",0.5,0.7,NA
"53","Asterales","Asteraceae","Piptocarpha","rotundifolia",4.27,87.08,13.64,3.5,6,1,1.5,NA,NA,3,6,"simple",NA,NA,"Piptocarpha_rotundifolia",6,4.75,NA
"55","Asterales","Asteraceae","Senecio","sericeo_nitens",0.86,31.22,10.62,NA,3,NA,NA,NA,NA,NA,0.08,"simple",NA,NA,"Senecio_sericeo_nitens",0.08,NA,NA
"56","Asterales","Asteraceae","Solidago","rugosa",1.22,14.52,9.83,NA,NA,NA,NA,4,10.4,1.2,2.5,"simple",NA,NA,"Solidago_rugosa",2.5,NA,NA
"57","Asterales","Asteraceae","Verbesina","lottiana",5.12,36.92,14.11,NA,17.4,NA,NA,NA,NA,NA,10.6,"simple",NA,NA,"Verbesina_lottiana",10.6,NA,NA
"58","Asterales","Asteraceae","Vernonanthura","phosphorica",3.13,49.63,14.35,NA,12,5,7,NA,NA,NA,NA,"simple",NA,NA,"Vernonanthura_phosphorica",NA,NA,NA
"60","Asterales","Goodeniaceae","Scaevola","beckii",3.15,90.96,16.6,12.4,13.6,NA,NA,NA,NA,0.7,3.6,"simple",NA,NA,"Scaevola_beckii",3.6,13,NA
"61","Asterales","Phellinaceae","Phelline","comosa",2.8,47.23,19.78,23.2,36.1,NA,NA,NA,NA,5.4,6.3,"simple",NA,NA,"Phelline_comosa",6.3,29.65,NA
"65","Asterales","Rousseaceae","Abrophyllum","ornans",3.1,63.23,32.1,NA,NA,NA,3,11,20,3,7,"simple",NA,NA,"Abrophyllum_ornans",7,NA,NA
"66","Asterales","Rousseaceae","Carpodetus","serratus",6.88,54.69,16.82,4,6,NA,1,NA,NA,2,3,"simple",NA,NA,"Carpodetus_serratus",3,5,NA
"67","Asterales","Stylidiaceae","Stylidium","laricifolium",1.37,15.2,11.52,1,4,NA,NA,NA,NA,NA,1,"simple",NA,NA,"Stylidium_laricifolium",1,2.5,NA
"68","Austrobaileyales","Austrobaileyaceae","Austrobaileya","scandens",21.16,136.84,51.12,NA,NA,1.5,3,10,16,3.5,8,"simple",NA,NA,"Austrobaileya_scandens",8,NA,15.25
"69","Austrobaileyales","Schisandraceae","Illicium","mexicanum",8.1,38.57,18.01,NA,NA,0.6,2.6,5,21,1.5,6,"simple",NA,NA,"Illicium_mexicanum",6,NA,14.6
"70","Austrobaileyales","Trimeniaceae","Trimenia","moorei",16.93,90.96,15.75,5,10,0.6,1.5,NA,NA,1.5,4,"simple",NA,NA,"Trimenia_moorei",4,7.5,NA
"71","Austrobaileyales","Trimeniaceae","Trimenia","neocaledonica",4.41,78.1,28.91,6,14,0.6,1.4,NA,NA,2.5,6,"simple",NA,NA,"Trimenia_neocaledonica",6,10,NA
"72","Berberidopsidales","Aextoxicaceae","Aextoxicon","punctatum",11.6,40.18,7.39,3.5,9,NA,NA,NA,NA,1.5,3,"simple",NA,NA,"Aextoxicon_punctatum",3,6.25,NA
"73","Berberidopsidales","Berberidopsidaceae","Berberidopsis","beckleri",8.73,72.59,15.38,NA,NA,NA,2,3,6,2,5,"simple",NA,NA,"Berberidopsis_beckleri",5,NA,NA
"74","Berberidopsidales","Berberidopsidaceae","Streptothamnus","moorei",13.45,153.44,14.69,NA,NA,2,3,6,12,4,12,"simple",NA,NA,"Streptothamnus_moorei",12,NA,11.5
"75","Boraginales","Boraginaceae","Bourreria","sonorae",1.82,27.07,11.21,2.7,3.8,0.25,0.32,NA,NA,0.25,0.92,"simple",NA,NA,"Bourreria_sonorae",0.92,3.25,NA
"76","Boraginales","Boraginaceae","Cordia","curassavica",1.09,27.3,9.7,2.1,9.4,0.1,0.8,NA,NA,0.5,4,"simple",NA,NA,"Cordia_curassavica",4,5.75,NA
"77","Boraginales","Boraginaceae","Cordia","trichotoma",2.48,26.55,13.33,NA,NA,0.5,2.2,2,19,2,7,"simple",8.12,4.301,"Cordia_trichotoma",7,NA,11.85
"79","Brassicales","Akaniaceae","Akania","bidwillii",12.87,72.16,27.41,25,39.83,0,3.021,25,36.81,13.555,43.7,"compound",35.23,18.27,"Akania_bidwillii",43.7,32.415,32.4155
"80","Brassicales","Bataceae","Batis","maritima",1.46,31.25,14.31,0.5,2,0.2,0.3,0.5,2,0.144,0.94,"simple",1.198,NA,"Batis_maritima",0.94,1.25,1.5
"81","Brassicales","Caricaceae","Jacaratia","dolichaula",5.77,124.12,36.13,8.863,52,2.923,36.79,5.94,15.023,7.684,18.5,"compound",29.997,27.902,"Jacaratia_dolichaula",18.5,30.4315,30.338
"82","Brassicales","Caricaceae","Jacaratia","mexicana",13.17,173.47,40.74,19.11,27.628,7.19,12.411,9.916,12.28,10.671,21.972,"simple",NA,NA,"Jacaratia_mexicana",21.972,23.369,20.8985
"83","Brassicales","Forchhammeriaceae","Forchhammeria","watsonii",4.94,70.81,11.24,5.699,12.084,0.167,0.356,5.255,11.665,0.312,0.786,"simple",NA,NA,"Forchhammeria_watsonii",0.786,8.8915,8.7215
"84","Brassicales","Gyrostemonaceae","Codonocarpus","cotinifolius",4.3,108.42,24.94,5.629,4.973,0.761,1.461,3.766,4.289,1.702,4.001,"simple",NA,NA,"Codonocarpus_cotinifolius",4.001,5.301,5.1385
"85","Brassicales","Gyrostemonaceae","Gyrostemon","ramulosus",3.63,91.06,23.02,0.08,8.94,NA,NA,NA,NA,0.08,0.123,"simple",NA,NA,"Gyrostemon_ramulosus",0.123,4.51,NA
"86","Bruniales","Bruniaceae","Berzelia","lanuginosa",3,24.89,16.17,0.876,0.478,NA,NA,NA,NA,0.015,0.043,"simple",NA,NA,"Berzelia_lanuginosa",0.043,0.677,NA
"87","Bruniales","Columelliaceae","Desfontainia","spinosa",3.5,26.05,6.76,3.847,6.243,NA,NA,NA,NA,1.507,3.145,"simple",NA,NA,"Desfontainia_spinosa",3.145,5.045,NA
"88","Buxales","Buxaceae","Buxus","sempervirens",1.42,16.23,7.4,1,3,0.145,0.258,1.498,2.411,0.207,0.959,"simple",NA,NA,"Buxus_sempervirens",0.959,2,2.156
"89","Canellales","Canellaceae","Canella","winterana",20,238.6,63.28,4.869,9.861,0.725,1.397,4.241,8.464,1.55,3.305,"simple",NA,NA,"Canella_winterana",3.305,7.365,7.4135
"90","Caryophyllales","Achatocarpaceae","Achatocarpus","gracilis",4.32,35.23,9.87,1.617,7.483,0,0.921,0,3.912,0.516,1.916,"simple",NA,NA,"Achatocarpus_gracilis",1.916,4.55,2.4165
"91","Caryophyllales","Aizoaceae","Sesuvium","portulacastrum",0.75,23.42,9.96,1.166,3.376,0.325,0.58,1.166,3.376,0.313,0.579,"simple",NA,NA,"Sesuvium_portulacastrum",0.579,2.271,2.7235
"92","Caryophyllales","Amaranthaceae","Celosia","monosperma",3.74,29.44,22.8,6.649,10.814,0.944,2.648,5.525,8.801,4.438,2.228,"simple",NA,NA,"Celosia_monosperma",2.228,8.7315,8.959
"93","Caryophyllales","Amaranthaceae","Froelichia","humboldtiana",2.64,19.61,8.58,1.985,3.303,NA,NA,1.984,3.303,0.479,1.423,"simple",NA,NA,"Froelichia_humboldtiana",1.423,2.644,NA
"94","Caryophyllales","Amaranthaceae","Iresine","arbuscula",14.23,57.11,22.61,27.737,13.886,1.737,3.543,12.24,24.443,5.153,14.16,"simple",NA,NA,"Iresine_arbuscula",14.16,20.8115,20.9815
"96","Caryophyllales","Basellaceae","Anredera","cordifolia",8.05,114.64,18.79,2.6,10.12,0.6,0.12,2,10,1,7,"simple",NA,NA,"Anredera_cordifolia",7,6.36,6.36
"111","Caryophyllales","Nyctaginaceae","Guapira","noxia",1.4,64.52,23.83,8.394,14.003,0.911,1.239,4.939,12.813,2.418,7.408,"simple",NA,NA,"Guapira_noxia",7.408,11.1985,9.951
"112","Caryophyllales","Nyctaginaceae","Guapira","petenensis",6.54,44.81,16.11,9.791,6.946,1.34,2.038,5.802,8.55,2.727,3.619,"simple",NA,NA,"Guapira_petenensis",3.619,8.3685,8.865
"113","Caryophyllales","Phytolaccaceae","Trichostigma","octandrum",27.6,129.95,29.08,5.483,8.917,1.486,2.765,1.321,8.072,2.004,4.819,"simple",NA,NA,"Trichostigma_octandrum",4.819,7.2,6.822
"114","Caryophyllales","Polygonaceae","Antigonon","leptopus",2.86,50.91,19.08,6,16.5,1,2.5,5,14,NA,NA,"simple",NA,NA,"Antigonon_leptopus",NA,11.25,11.25
"115","Caryophyllales","Polygonaceae","Eriogonum","affovalifolium",0.11,13.13,11.45,0.3,16,0.1,10,0.2,6,0.2,1.5,"simple",NA,NA,"Eriogonum_affovalifolium",1.5,8.15,8.15
"116","Caryophyllales","Polygonaceae","Eriogonum","elongatum",1.18,20.25,13.15,1.5,5,0.5,2,1,3,0.5,2,"simple",NA,NA,"Eriogonum_elongatum",2,3.25,3.25
"117","Caryophyllales","Polygonaceae","Eriogonum","fasciculatum",1.91,35.73,12.28,0.7,1.8,0.1,0.3,0.6,1.5,0.05,0.4,"simple",NA,NA,"Eriogonum_fasciculatum",0.4,1.25,1.25
"118","Caryophyllales","Polygonaceae","Podopterus","cordifolius",10.89,87.95,27.92,NA,2.9,NA,0.4,NA,2.5,NA,1.4,"simple",NA,NA,"Podopterus_cordifolius",1.4,NA,NA
"119","Caryophyllales","Polygonaceae","Rumex","sagittatus",7.67,79.27,28,3.15,3.73,0.91,1.26,2.01,2.58,1.19,5,"simple",NA,NA,"Rumex_sagittatus",5,3.44,3.38
"120","Caryophyllales","Simmondsiaceae","Simmondsia","chinensis",2.1,26.15,11.56,2,5.7,0,0.2,2,5.5,1,3,"simple",NA,NA,"Simmondsia_chinensis",3,3.85,3.85
"121","Caryophyllales","Tamaricaceae","Tamarix","ramosissima",7.8,105.29,12.54,0.15,0.35,NA,NA,0.15,0.35,0.03,0.09,"simple",NA,NA,"Tamarix_ramosissima",0.09,0.25,NA
"122","Celastrales","Celastraceae","Crossopetalum","uragoga",1.92,24.61,14.87,1.01,5.26,0.16,0.26,0.85,5,0.7,2.2,"simple",NA,NA,"Crossopetalum_uragoga",2.2,3.135,3.135
"123","Celastrales","Celastraceae","Euonymus","japonicus",2.27,18.85,9.09,2.2,6.3,0.2,0.9,2,5.5,2,3.5,"simple",NA,NA,"Euonymus_japonicus",3.5,4.25,4.3
"124","Celastrales","Celastraceae","Maytenus","disticha",0.72,20.81,7.46,0.69,0.8,0.06,0.12,0.63,0.68,0.42,0.51,"simple",NA,NA,"Maytenus_disticha",0.51,0.745,0.745
"125","Celastrales","Celastraceae","Maytenus","phyllanthoides",2.03,32.03,13.05,1.6,5.6,0.1,0.6,1.5,5,1,2.5,"simple",NA,NA,"Maytenus_phyllanthoides",2.5,3.6,3.6
"126","Celastrales","Celastraceae","Peritassa","campestris",0.83,51.15,18.71,5.9,15,0.4,1,5,14,2,3.5,"simple",NA,NA,"Peritassa_campestris",3.5,10.45,10.2
"127","Celastrales","Celastraceae","Plenckia","populnea",6.68,39.39,14.67,4.7,11.1,2,3.7,2.7,7.4,NA,2.5,"simple",NA,NA,"Plenckia_populnea",2.5,7.9,7.9
"128","Celastrales","Celastraceae","Semialarium","mexicanum",32.88,148.28,23.56,1.8,14.7,0.2,1.2,1.6,13.5,1,9,"simple",NA,NA,"Semialarium_mexicanum",9,8.25,8.25
"129","Celastrales","Celastraceae","Wimmeria","bartlettii",17,59.58,10.54,5.5,11,0.6,1,6.1,12,2.2,4,"simple",NA,NA,"Wimmeria_bartlettii",4,8.25,9.85
"130","Chloranthales","Chloranthaceae","Ascarina","lucida",4.57,53.38,11.96,2.8,9,0.8,1,2,8,1.5,3.8,"simple",NA,NA,"Ascarina_lucida",3.8,5.9,5.9
"131","Chloranthales","Chloranthaceae","Ascarina","rubricaulis",5.01,66.03,18.39,4,10,0.4,1.2,4.4,11.2,1,2.5,"simple",NA,NA,"Ascarina_rubricaulis",2.5,7,8.6
"132","Chloranthales","Chloranthaceae","Ascarina","solmsiana",4.36,70.48,26.08,4,8,0.4,1.5,3.6,6.5,1,3.5,"simple",NA,NA,"Ascarina_solmsiana",3.5,6,6
"134","Chloranthales","Chloranthaceae","Hedyosmum","aff_cuatrecazanum",1.6,22.7,15.13,6.92,11.92,1.05,1.43,5.87,10.49,2.24,4.1,"simple",NA,NA,"Hedyosmum_aff_cuatrecazanum",4.1,9.42,9.42
"135","Chloranthales","Chloranthaceae","Hedyosmum","mexicanum",9.92,122.68,32.16,9,22,0.9,2.3,8.1,19.7,3,6,"simple",NA,NA,"Hedyosmum_mexicanum",6,15.5,15.5
"137","Commelinales","Commelinaceae","Tradescantia","zanonia",1.07,39.75,30.21,10.5,17.4,0.6,0.67,9.9,16.73,2.33,3.48,"simple",NA,NA,"Tradescantia_zanonia",3.48,13.95,13.95
"138","Cornales","Hydrangeaceae","Hydrangea","macrophylla",0.98,30.31,16.48,8,20,NA,4,4,16,5,11,"simple",NA,NA,"Hydrangea_macrophylla",11,14,NA
"139","Crossosomatales","Crossosomataceae","Crossosoma","bigelovii",0.73,20.3,12.82,0.33,1.46,NA,NA,0.33,1.46,0.16,0.48,"simple",NA,NA,"Crossosoma_bigelovii",0.48,0.895,NA
"140","Crossosomatales","Staphyleaceae","Turpinia","occidentalis",9.67,99.37,29.91,12.35,21.97,2.02,4.12,10.33,17.85,10.21,13.85,"compound",NA,NA,"Turpinia_occidentalis",13.85,17.16,17.16
"141","Crossosomatales","Strasburgeriaceae","Strasburgeria","calliantha",7.91,81.89,20.89,20,22,0.25,2,18,20,7,8,"simple",NA,NA,"Strasburgeria_calliantha",8,21,20.125
"142","Cucurbitales","Coriariaceae","Coriaria","ruscifolia",0.58,28.75,15.8,0.5,7.5,NA,NA,0.5,7.5,0.2,3.2,"simple",NA,NA,"Coriaria_ruscifolia",3.2,4,NA
"143","Cucurbitales","Cucurbitaceae","Apodanthera","congestiflora",1.25,48.21,36.46,4.23,7.02,1.5,2,2.73,5.02,2.97,6.16,"compound",NA,NA,"Apodanthera_congestiflora",6.16,5.625,5.625
"144","Cucurbitales","Cucurbitaceae","Doyerea","emetocathartica",5.88,122.38,46.99,3.5,14,1.5,8,2,6,3.2,16,"simple",NA,NA,"Doyerea_emetocathartica",16,8.75,8.75
"145","Cucurbitales","Cucurbitaceae","Ibervillea","sonorae",6.43,143.79,63.66,4.51,8.81,0.79,2.78,3.72,6.03,3.49,6.73,"simple",NA,NA,"Ibervillea_sonorae",6.73,6.66,6.66
"146","Dilleniales","Dilleniaceae","Davilla","elliptica",2.97,87.13,17.33,10.78,12.6,0.81,1.45,9.97,11.15,3.91,4.38,"simple",NA,NA,"Davilla_elliptica",4.38,11.69,11.69
"147","Dilleniales","Dilleniaceae","Hibbertia","bouletii",0.97,41.71,26.25,1.69,3.27,NA,NA,1.69,3.27,0.35,0.69,"simple",NA,NA,"Hibbertia_bouletii",0.69,2.48,NA
"149","Dilleniales","Dilleniaceae","Hibbertia","lucens",2.98,52.43,16.32,4.47,7.74,NA,NA,4.47,7.74,0.72,1.05,"simple",NA,NA,"Hibbertia_lucens",1.05,6.105,NA
"150","Dilleniales","Dilleniaceae","Hibbertia","scandens",1.06,53.97,23.26,NA,7.5,NA,NA,6,9,2.2,3,"simple",NA,NA,"Hibbertia_scandens",3,NA,NA
"151","Dilleniales","Dilleniaceae","Hibbertia","trachyphylla",1.97,69.29,13.31,0.36,1.03,NA,NA,0.36,1.03,0.06,0.09,"simple",NA,NA,"Hibbertia_trachyphylla",0.09,0.695,NA
"152","Dipsacales","Adoxaceae","Sambucus","canadensis",1.78,37.64,19.6,15.72,19.36,2.78,5.41,10.9,15.08,10.06,13.84,"compound",NA,NA,"Sambucus_canadensis",13.84,17.54,17.085
"153","Dipsacales","Adoxaceae","Sambucus","nigra",9.75,83.27,33.19,11.06,25.81,1.96,7.17,9.1,20.7,9.57,18.75,"compound",NA,NA,"Sambucus_nigra",18.75,18.435,19.465
"154","Dipsacales","Adoxaceae","Viburnum","acerifolium",0.97,28.43,14.35,5,10,1,3,4,7,5,10,"simple",NA,NA,"Viburnum_acerifolium",10,7.5,7.5
"155","Dipsacales","Adoxaceae","Viburnum","caudatum",5.84,51.26,17.67,9,13,0.8,1.2,NA,NA,5,9,"simple",NA,NA,"Viburnum_caudatum",9,11,NA
"156","Dipsacales","Adoxaceae","Viburnum","hartwegii",4.03,62.56,14.27,5,10,2,4,NA,NA,NA,NA,"simple",NA,NA,"Viburnum_hartwegii",NA,7.5,NA
"157","Dipsacales","Adoxaceae","Viburnum","jucundum",6.28,58.79,20.2,NA,NA,0.3,1.6,NA,NA,NA,NA,"simple",13,9,"Viburnum_jucundum",NA,NA,NA
"158","Dipsacales","Adoxaceae","Viburnum","lantanoides",2.62,30.47,15.6,10.16,20.32,NA,NA,NA,NA,10,20,"simple",NA,NA,"Viburnum_lantanoides",20,15.24,NA
"159","Dipsacales","Adoxaceae","Viburnum","microcarpum",6.9,51.27,19.47,7,9,NA,NA,NA,NA,3.5,7.5,"simple",NA,NA,"Viburnum_microcarpum",7.5,8,NA
"160","Dipsacales","Adoxaceae","Viburnum","tiliifolium",6.88,61.8,24.08,9.5,14,NA,NA,NA,NA,5.6,8,"simple",NA,NA,"Viburnum_tiliifolium",8,11.75,NA
"161","Dipsacales","Caprifoliaceae","Abelia","xgrandiflora",3.17,25.45,13.08,2.5,4.5,NA,NA,NA,NA,1,2,"simple",NA,NA,"Abelia_xgrandiflora",2,3.5,NA
"162","Dipsacales","Caprifoliaceae","Lonicera","japonica",3.78,42.75,15.82,NA,NA,3,8,3,8,1.5,4,"simple",NA,NA,"Lonicera_japonica",4,NA,11
"163","Dipsacales","Caprifoliaceae","Lonicera","subspicata",2.95,28.36,16.75,1.6,2.2,NA,NA,NA,NA,0.5,1.6,"simple",NA,NA,"Lonicera_subspicata",1.6,1.9,NA
"164","Dipsacales","Caprifoliaceae","Symphoricarpos","mollis",1.51,25.16,11.21,1.4,3.8,NA,NA,NA,NA,0.4,2.7,"simple",NA,NA,"Symphoricarpos_mollis",2.7,2.6,NA
"165","Dipsacales","Caprifoliaceae","Symphoricarpos","rotundifolius",0.49,20.75,11.71,1.2,2.2,NA,NA,NA,NA,0.6,2,"simple",NA,NA,"Symphoricarpos_rotundifolius",2,1.7,NA
"166","Dipsacales","Cornaceae","Cornus","alternifolia",4.57,46.67,12.98,5.08,12.7,NA,NA,NA,NA,2.54,6.35,"simple",NA,NA,"Cornus_alternifolia",6.35,8.89,NA
"167","Ericales","Actinidiaceae","Actinidia","deliciosa",11.6,196.43,39.64,14.48,14.86,NA,NA,NA,NA,7.17,10.29,"simple",NA,NA,"Actinidia_deliciosa",10.29,14.67,NA
"168","Ericales","Actinidiaceae","Saurauia","scabrida",8.07,108.47,38.51,10,30,NA,NA,NA,NA,6,15,"simple",NA,NA,"Saurauia_scabrida",15,20,NA
"169","Ericales","Clethraceae","Clethra","alnifolia",2.78,36.35,12.32,NA,NA,2.5,3.5,5,9,2,4,"simple",NA,NA,"Clethra_alnifolia",4,NA,10
"170","Ericales","Ebenaceae","Diospyros","intricata",2.22,33.81,8.36,0.7,1,NA,NA,NA,NA,0.2,0.4,"simple",NA,NA,"Diospyros_intricata",0.4,0.85,NA
"171","Ericales","Ericaceae","Arctostaphylos","glandulosa",2.14,22.79,9.58,NA,NA,0.5,1,2,4.5,1.5,4,"simple",NA,NA,"Arctostaphylos_glandulosa",4,NA,4
"172","Ericales","Ericaceae","Arctostaphylos","patula",1.38,22.28,9.42,NA,NA,0.7,1.5,2.5,6,1.5,4,"simple",NA,NA,"Arctostaphylos_patula",4,NA,5.35
"173","Ericales","Ericaceae","Arctostaphylos","peninsularis",1.47,25.7,9.62,2,3.2,NA,NA,NA,NA,0.8,1.3,"simple",NA,NA,"Arctostaphylos_peninsularis",1.3,2.6,NA
"174","Ericales","Ericaceae","Arctostaphylos","pringlei",1.72,21.36,9.36,3.5,4.6,NA,NA,NA,NA,1.5,2,"simple",NA,NA,"Arctostaphylos_pringlei",2,4.05,NA
"175","Ericales","Ericaceae","Arctostaphylos","uva_ursi",1.05,24.5,9.04,1.27,3.175,NA,NA,NA,NA,0.635,1.27,"simple",NA,NA,"Arctostaphylos_uva_ursi",1.27,2.2225,NA
"176","Ericales","Ericaceae","Calluna","vulgaris",0.69,21.42,12.43,0.127,0.35,NA,NA,NA,NA,0.05,0.07,"simple",NA,NA,"Calluna_vulgaris",0.07,0.2385,NA
"177","Ericales","Ericaceae","Cyathodes","straminea",0.53,25.19,9.87,0.6,1.1,NA,NA,NA,NA,0.2,0.3,"simple",NA,NA,"Cyathodes_straminea",0.3,0.85,NA
"178","Ericales","Ericaceae","Daboecia","cantabrica",0.7,16.9,8.85,0.635,1.5875,NA,NA,NA,NA,0.254,0.635,"simple",NA,NA,"Daboecia_cantabrica",0.635,1.11125,NA
"179","Ericales","Ericaceae","Disterigma","alaternoides",0.74,21.97,10.84,0.9,3.1,NA,NA,NA,NA,0.5,1.3,"simple",NA,NA,"Disterigma_alaternoides",1.3,2,NA
"180","Ericales","Ericaceae","Dracophyllum","ramosum",3.35,65.76,9.4,4.2,9,NA,NA,NA,NA,0.4,0.8,"simple",NA,NA,"Dracophyllum_ramosum",0.8,6.6,NA
"181","Ericales","Ericaceae","Dracophyllum","verticillatum",3.33,31.98,37.11,34.1,37.7,NA,NA,NA,NA,2.4,3.5,"simple",NA,NA,"Dracophyllum_verticillatum",3.5,35.9,NA
"182","Ericales","Ericaceae","Erica","cinerea",1,19.19,9.9,NA,NA,0.01,0.03,0.25,0.5,0.03,0.06,"simple",NA,NA,"Erica_cinerea",0.06,NA,0.395
"183","Ericales","Ericaceae","Erica","vagans",0.95,25.13,14.23,NA,NA,0.05,0.1,0.45,0.6,NA,NA,"simple",NA,0.1,"Erica_vagans",NA,NA,0.6
"184","Ericales","Ericaceae","Gaultheria","aff_glomerata",0.58,18.29,10.82,2,5.5,2.5,4,NA,NA,1.5,3,"simple",NA,NA,"Gaultheria_aff_glomerata",3,3.75,NA
"185","Ericales","Ericaceae","Gaultheria","foliolosa",2.93,34.82,11.12,0.6,1,NA,NA,NA,NA,0.6,0.8,"simple",NA,NA,"Gaultheria_foliolosa",0.8,0.8,NA
"186","Ericales","Ericaceae","Gaultheria","hispida",0.77,25.14,12.91,2.54,5.715,NA,NA,NA,NA,0.635,1.905,"simple",NA,NA,"Gaultheria_hispida",1.905,4.1275,NA
"187","Ericales","Ericaceae","Gaultheria","mucronata",0.69,25.46,9.87,1,1.8,NA,NA,NA,NA,0.3,0.9,"simple",NA,NA,"Gaultheria_mucronata",0.9,1.4,NA
"188","Ericales","Ericaceae","Gaultheria","reticulata",1.18,21.77,9.47,2.2,5.2,NA,NA,NA,NA,1,2.2,"simple",NA,NA,"Gaultheria_reticulata",2.2,3.7,NA
"189","Ericales","Ericaceae","Kalmia","latifolia",2.82,30.14,11.85,5.08,12.7,NA,NA,NA,NA,1.905,3.81,"simple",NA,NA,"Kalmia_latifolia",3.81,8.89,NA
"190","Ericales","Ericaceae","Leptecophylla","juniperina",0.58,21.55,6.49,0.42,1.8,NA,NA,NA,NA,1.1,2.5,"simple",NA,NA,"Leptecophylla_juniperina",2.5,1.11,NA
"191","Ericales","Ericaceae","Lyonia","ligustrina",2.3,26.79,12.26,2.3,5,NA,NA,NA,NA,1,2.2,"simple",NA,NA,"Lyonia_ligustrina",2.2,3.65,NA
"192","Ericales","Ericaceae","Rhododendron","ferrugineum",0.66,17.27,10.44,2.1,4.1,NA,NA,NA,NA,0.7,0.9,"simple",NA,NA,"Rhododendron_ferrugineum",0.9,3.1,NA
"193","Ericales","Ericaceae","Richea","pandanifolia",2.07,30.89,5.83,91.9,93.5,NA,NA,NA,NA,3.2,3.5,"simple",NA,NA,"Richea_pandanifolia",3.5,92.7,NA
"194","Ericales","Ericaceae","Richea","scoparia",1.2,22.54,8.19,1.905,5.08,NA,NA,NA,NA,0.254,0.508,"simple",NA,NA,"Richea_scoparia",0.508,3.4925,NA
"195","Ericales","Ericaceae","Richea","sprengelioides",0.62,17.82,8.53,0.7,1.6,NA,NA,NA,NA,0.2,0.3,"simple",NA,NA,"Richea_sprengelioides",0.3,1.15,NA
"196","Ericales","Ericaceae","Styphelia","cymbulae",5.42,54,11.76,1.9,8.3,NA,NA,NA,NA,1.4,2.6,"simple",NA,NA,"Styphelia_cymbulae",2.6,5.1,NA
"197","Ericales","Ericaceae","Trochocarpa","cunninghamii",0.77,24.85,6.37,1.1,1.4,NA,NA,1.1,1.4,0.31,0.56,"simple",NA,NA,"Trochocarpa_cunninghamii",0.56,1.25,NA
"198","Ericales","Ericaceae","Trochocarpa","laurina",4.69,35.69,9.78,4.1,8.3,NA,NA,NA,NA,1.4,2.6,"simple",NA,NA,"Trochocarpa_laurina",2.6,6.2,NA
"199","Ericales","Ericaceae","Vaccinium","corymbosum",2.77,31.64,9.89,2.54,8.89,NA,NA,NA,NA,1.5,4,"simple",NA,NA,"Vaccinium_corymbosum",4,5.715,NA
"200","Ericales","Ericaceae","Vaccinium","myrtillus",0.65,18.52,9.56,1,3,0,0.1,NA,NA,0.6,1.6,"simple",NA,NA,"Vaccinium_myrtillus",1.6,2,NA
"201","Ericales","Fouquieriaceae","Fouquieria","diguetii",4.94,73.94,13.28,NA,NA,NA,NA,NA,NA,NA,NA,"simple",NA,NA,"Fouquieria_diguetii",NA,NA,NA
"202","Ericales","Primulaceae","Bonellia","macrocarpa_subsp_pungens",9.3,65.2,8.84,3.5,9.5,0.1,0.3,NA,NA,1,3.5,"simple",NA,NA,"Bonellia_macrocarpa_subsp_pungens",3.5,6.5,NA
"203","Ericales","Primulaceae","Myrsine","guianensis",3.31,66.2,17.8,4.8,8.8,NA,NA,NA,NA,1.7,3.7,"simple",NA,NA,"Myrsine_guianensis",3.7,6.8,NA
"205","Ericales","Sapotaceae","Pouteria","campechiana",21.92,97.91,14.66,7.1,33.3,0.6,3.3,6.5,30,2,8,"simple",NA,NA,"Pouteria_campechiana",8,20.2,20.2
"206","Ericales","Sapotaceae","Sideroxylon","obtusifolium",8.72,58.42,10.13,3.5,6.3,NA,NA,NA,NA,1.5,2.5,"simple",NA,NA,"Sideroxylon_obtusifolium",2.5,4.9,NA
"207","Ericales","Styracaceae","Styrax","argenteus",19,99.45,33.13,7.5,20.5,1,2.5,6.5,18,4,7.5,"simple",NA,NA,"Styrax_argenteus",7.5,14,14
"208","Ericales","Symplocaceae","Symplocos","celastrifolia",7.27,68.07,17.03,0.5,NA,NA,0.5,NA,NA,3.8,4.4,"simple",8.9,NA,"Symplocos_celastrifolia",4.4,NA,NA
"209","Ericales","Symplocaceae","Symplocos","cf_reflexa",0.74,47.82,24.03,5.1,7.1,0.27,0.38,4.8,6.7,2.2,3.4,"simple",NA,NA,"Symplocos_cf_reflexa",3.4,6.1,6.075
"210","Escalloniales","Escalloniaceae","Anopterus","glandulosus",3.98,35.37,18.02,7.9,22,0.52,2.1,7.4,19.9,1.7,3.3,"simple",NA,NA,"Anopterus_glandulosus",3.3,14.95,14.96
"211","Escalloniales","Escalloniaceae","Escallonia","rubra",0.93,22.79,8.72,1.8,4.5,0.14,0.46,1.7,4,0.9,1.6,"simple",NA,NA,"Escallonia_rubra",1.6,3.15,3.15
"212","Escalloniales","Escalloniaceae","Escallonia","virgata",2.15,27.24,6.99,0.6,1.7,NA,NA,NA,NA,0.15,0.5,"simple",NA,NA,"Escallonia_virgata",0.5,1.15,NA
"213","Escalloniales","Escalloniaceae","Polyosma","rhytophloia",7.99,61.09,20.09,9.9,16.1,0.9,2.1,9,14,2.5,4,"simple",NA,NA,"Polyosma_rhytophloia",4,13,13
"214","Fabales","Fabaceae","Acacia","binervia",8.93,89.8,19.53,6,15,NA,NA,NA,NA,0.5,2.3,"compound",NA,NA,"Acacia_binervia",2.3,10.5,NA
"215","Fabales","Fabaceae","Acacia","farnesiana",5.05,66.95,8.18,1.8,5.7,0.3,0.9,1.5,4.8,1.6,3.9,"compound",NA,NA,"Acacia_farnesiana",3.9,3.75,3.75
"216","Fabales","Fabaceae","Acacia","grasbyi",4.09,44.86,14.06,3,10,NA,NA,NA,NA,0.1,0.15,"compound",NA,NA,"Acacia_grasbyi",0.15,6.5,NA
"217","Fabales","Fabaceae","Acacia","greggii",2.63,52.07,15.05,2.5,7.6,0.3,0.7,NA,NA,1.1,2.5,"compound",NA,NA,"Acacia_greggii",2.5,5.05,NA
"218","Fabales","Fabaceae","Acacia","latescens",6.8,82.83,22.32,8,26,NA,NA,NA,NA,0.5,1.5,"compound",NA,NA,"Acacia_latescens",1.5,17,NA
"219","Fabales","Fabaceae","Acacia","spirorbis",6.07,81.55,15.12,9,17,NA,NA,NA,NA,0.6,1.6,"compound",NA,NA,"Acacia_spirorbis",1.6,13,NA
"220","Fabales","Fabaceae","Amburana","cearensis",6.67,74.83,16.67,8,25,2,3,6,22,4.3,6.6,"compound",NA,NA,"Amburana_cearensis",6.6,16.5,16.5
"221","Fabales","Fabaceae","Anadenanthera","colubrina",7.55,60.5,13.19,10,26,1.1,3.5,5.9,22.5,6,12,"compound",NA,NA,"Anadenanthera_colubrina",12,18,16.5
"222","Fabales","Fabaceae","Arthroclianthus","grandifolius",6.15,73.07,15.98,13.7,17.6,1.7,2.6,12,15,6.2,8,"compound",NA,NA,"Arthroclianthus_grandifolius",8,15.65,15.65
"223","Fabales","Fabaceae","Astragalus","circumdatus",0.13,11.75,5.92,2.7,5.6,1.1,1.8,1.6,3.8,0.6,1.1,"compound",NA,NA,"Astragalus_circumdatus",1.1,4.15,4.15
"224","Fabales","Fabaceae","Bauhinia","cheilantha",4.96,34.55,12.18,3.4,12.7,0.65,2.4,2.8,10.3,3.1,10,"simple",NA,NA,"Bauhinia_cheilantha",10,8.05,8.075
"225","Fabales","Fabaceae","Bauhinia","rufa",4.22,55.53,10.74,6.3,15.1,0.8,2.4,5.5,12.7,5.7,9.4,"simple",NA,NA,"Bauhinia_rufa",9.4,10.7,10.7
"226","Fabales","Fabaceae","Caesalpinia","gardneriana",6.23,49.1,14.26,7.6,14.3,1.7,2.7,5.9,11.6,7.9,15,"compound",NA,NA,"Caesalpinia_gardneriana",15,10.95,10.95
"227","Fabales","Fabaceae","Cercidium","peninsulare",7.74,60.37,10.41,1.2,2.9,0.25,0.8,1.4,2.1,0.9,1.5,"compound",NA,NA,"Cercidium_peninsulare",1.5,2.05,2.275
"228","Fabales","Fabaceae","Chamaecrista","zygophylloides",2.87,33.71,10.62,2,6.5,1.7,3.8,NA,NA,NA,NA,"compound",NA,NA,"Chamaecrista_zygophylloides",NA,4.25,NA
"229","Fabales","Fabaceae","Chloroleucon","foliolosum",5.68,59.97,14.56,4.7,10.2,0.5,2.2,4.2,8,3.8,7.6,"compound",NA,NA,"Chloroleucon_foliolosum",7.6,7.45,7.45
"230","Fabales","Fabaceae","Cynometra","oaxacana",9.71,74.35,24.67,3.9,6.4,0.4,0.4,3.5,6,2.7,3.7,"simple",NA,NA,"Cynometra_oaxacana",3.7,5.15,5.15
"231","Fabales","Fabaceae","Cytisus","scoparius",3.17,43.27,10.91,0.7,1.8,0.2,0.8,0.5,1,0.5,1.2,"compound",NA,NA,"Cytisus_scoparius",1.2,1.25,1.25
"232","Fabales","Fabaceae","Dussia","mexicana",30,232.91,52.56,33.1,64.4,9.1,20.5,24,43.9,18.1,44.4,"compound",NA,NA,"Dussia_mexicana",44.4,48.75,48.75
"233","Fabales","Fabaceae","Ebenopsis","confinis",0.7,39.72,11.51,2.1,3.5,0.5,1.3,1.6,2.2,1.3,2.4,"compound",NA,NA,"Ebenopsis_confinis",2.4,2.8,2.8
"234","Fabales","Fabaceae","Entada","phaseoloides",55,250.26,46.64,10.5,20.4,2,7.4,8.5,13,5.9,10.2,"compound",NA,NA,"Entada_phaseoloides",10.2,15.45,15.45
"235","Fabales","Fabaceae","Entada","polystachya",22.43,271.96,51,NA,NA,4,8,NA,NA,3,8,"compound",NA,NA,"Entada_polystachya",8,NA,NA
"236","Fabales","Fabaceae","Erythrina","flabelliformis",3.79,104.17,19.78,11.5,19.6,5,8.7,6.5,10.9,5.8,9.8,"compound",NA,NA,"Erythrina_flabelliformis",9.8,15.55,15.55
"237","Fabales","Fabaceae","Erythrina","lanata",4.96,119.02,26.13,13.5,23.5,6.3,9.6,7.2,13.9,8.4,15,"compound",NA,NA,"Erythrina_lanata",15,18.5,18.5
"238","Fabales","Fabaceae","Gompholobium","latifolium",2.59,47.67,32.27,0.85,1.76,0.15,0.26,0.7,1.5,0.2,0.5,"compound",NA,NA,"Gompholobium_latifolium",0.5,1.305,1.305
"239","Fabales","Fabaceae","Libidibia","ferrea",7.57,65.64,17.94,10.6,15.1,1.4,4.1,9.2,11,7.6,8.8,"compound",NA,NA,"Libidibia_ferrea",8.8,12.85,12.85
"240","Fabales","Fabaceae","Lupinus","excubitus",0.09,23,10.62,NA,NA,4,15,NA,NA,NA,NA,"compound",NA,NA,"Lupinus_excubitus",NA,NA,NA
"241","Fabales","Fabaceae","Lysiloma","candida",6.96,65.37,13.62,3,7,NA,NA,NA,NA,NA,NA,"compound",NA,NA,"Lysiloma_candida",NA,5,NA
"242","Fabales","Fabaceae","Machaerium","cobanense",22,232.67,28.42,7.8,18.6,0.9,3.2,6.9,15.4,5.1,8,"compound",NA,NA,"Machaerium_cobanense",8,13.2,13.2
"243","Fabales","Fabaceae","Machaerium","floribundum",21.35,96.14,24.58,20.2,41.3,4.2,10.7,16.1,30.6,11,31.6,"compound",NA,NA,"Machaerium_floribundum",31.6,30.75,30.8
"244","Fabales","Fabaceae","Mimosa","ophthalmocentra",5.7,55.92,16.33,1.94,3.3,0.24,0.5,1.7,2.8,1.7,2.6,"compound",NA,NA,"Mimosa_ophthalmocentra",2.6,2.62,2.62
"246","Fabales","Fabaceae","Mimosa","tenuiflora",4.6,55.62,14.43,4,8.5,1,2.2,3,6.3,4.6,7.4,"compound",NA,NA,"Mimosa_tenuiflora",7.4,6.25,6.25
"247","Fabales","Fabaceae","Ottleya","rigida",0.54,21.08,13.11,1.3,2.4,0.1,0.3,1.2,2.1,1,2.6,"compound",NA,NA,"Ottleya_rigida",2.6,1.85,1.85
"248","Fabales","Fabaceae","Piptadenia","stipulacea",6.5,67.94,14.9,5.1,15.9,1.7,4.4,3.4,11.5,2.8,4,"compound",NA,NA,"Piptadenia_stipulacea",4,10.5,10.5
"249","Fabales","Fabaceae","Psorothamnus","arborescens",1.19,32.08,8,1.6,2.9,0.6,1.2,1,1.7,0.8,1.8,"compound",NA,NA,"Psorothamnus_arborescens",1.8,2.25,2.25
"250","Fabales","Fabaceae","Stryphnodendron","adstringens",4.13,122.84,21.93,24.8,34.8,4.5,5.8,20.3,29,15.1,18.2,"compound",NA,NA,"Stryphnodendron_adstringens",18.2,29.8,29.8
"251","Fabales","Fabaceae","Stylosanthes","viscosa",0.93,22.15,11.15,0.7,1.5,0.2,0.5,0.5,1,0.8,1.2,"compound",NA,NA,"Stylosanthes_viscosa",1.2,1.1,1.1
"252","Fabales","Fabaceae","Syrmatium","glabrum",1.57,27.37,13.65,1.2,3,0.2,0.6,1,2.4,1.4,3.2,"compound",NA,NA,"Syrmatium_glabrum",3.2,2.1,2.1
"253","Fabales","Fabaceae","Ulex","gallii",1.6,36.16,9.81,0.5,3,NA,NA,NA,NA,NA,NA,"compound",NA,NA,"Ulex_gallii",NA,1.75,NA
"254","Fabales","Fabaceae","Vatairea","lundellii",32.5,170,37.02,14,46,NA,NA,NA,NA,5,9,"compound",NA,NA,"Vatairea_lundellii",9,30,NA
"255","Fabales","Polygalaceae","Comesperma","ericinum",1.17,20.05,12.36,NA,NA,0.4,0.6,0.5,2.5,0.1,0.4,"simple",NA,NA,"Comesperma_ericinum",0.4,NA,2
"256","Fagales","Betulaceae","Alnus","glutinosa",12.04,53.27,9.13,NA,NA,11,32,4,12,4,10,"simple",NA,NA,"Alnus_glutinosa",10,NA,29.5
"257","Fagales","Betulaceae","Betula","lenta",18.07,90.43,11.86,NA,NA,0.635,2.54,5,15.24,3.31,8.89,"simple",NA,NA,"Betula_lenta",8.89,NA,11.7075
"258","Fagales","Betulaceae","Betula","pubescens",7.07,55.53,11.97,NA,NA,0.84,1.9,3.81,6.35,2.54,5.08,"simple",NA,NA,"Betula_pubescens",5.08,NA,6.45
"259","Fagales","Betulaceae","Carpinus","caroliniana",7.5,48.12,12.52,3,13,0.635,1.27,5.04,10.16,1.5,5,"simple",NA,NA,"Carpinus_caroliniana",5,8,8.5525
"260","Fagales","Betulaceae","Corylus","avellana",3.2,35.57,10.01,NA,NA,0.635,1.27,5.08,10.16,3.81,7.52,"simple",NA,NA,"Corylus_avellana",7.52,NA,8.5725
"261","Fagales","Betulaceae","Ostrya","virginiana",7.21,47.36,10.32,4.5,14,NA,0.6,8,10,2,6,"simple",NA,NA,"Ostrya_virginiana",6,9.25,NA
"263","Fagales","Casuarinaceae","Casuarina","equisetifolia",14.7,92.08,9.62,0.5,0.8,NA,NA,NA,NA,0.3,0.4,"simple",NA,NA,"Casuarina_equisetifolia",0.4,0.65,NA
"265","Fagales","Fagaceae","Castanea","sativa",6.75,84.62,15.95,14,22.5,1.27,2.54,12.7,22.86,5,9,"simple",NA,NA,"Castanea_sativa",9,18.25,19.685
"266","Fagales","Fagaceae","Fagus","sylvatica",11.57,49,9.26,NA,NA,0.3,1,4,10,2.5,4,"simple",NA,NA,"Fagus_sylvatica",4,NA,7.65
"267","Fagales","Fagaceae","Quercus","alba",23.58,104.79,20.34,NA,NA,0.6,2.5,12.5,21,9.5,13,"simple",NA,NA,"Quercus_alba",13,NA,18.3
"268","Fagales","Fagaceae","Quercus","berberidifolia",3.81,88,17.98,NA,NA,0.2,0.4,1.5,3,1,2,"simple",NA,NA,"Quercus_berberidifolia",2,NA,2.55
"269","Fagales","Fagaceae","Quercus","chrysolepis",2.79,58.88,9.43,NA,NA,0.3,1.4,2,7,1,3.5,"simple",NA,NA,"Quercus_chrysolepis",3.5,NA,5.35
"270","Fagales","Fagaceae","Quercus","cornelius-mulleri",2.43,56.89,12.02,NA,NA,0.2,0.5,1.5,3.5,1,2,"simple",NA,NA,"Quercus_cornelius-mulleri",2,NA,2.85
"271","Fagales","Fagaceae","Quercus","peninsularis",1.51,37.23,13.68,NA,NA,0.55,0.7,5.04,5.4,1.4,1.8,"simple",NA,NA,"Quercus_peninsularis",1.8,NA,5.845
"272","Fagales","Fagaceae","Quercus","pyrenaica",6.23,102.36,13.15,NA,NA,0.63,1.9,7.62,22.86,3.81,11.43,"simple",NA,NA,"Quercus_pyrenaica",11.43,NA,16.505
"273","Fagales","Fagaceae","Quercus","robur",16.67,106.54,17,NA,NA,0.3,0.6,7,15,3.5,8.5,"simple",NA,NA,"Quercus_robur",8.5,NA,11.45
"274","Fagales","Fagaceae","Quercus","rubra",26.19,136.15,15.69,NA,NA,1.8,5.8,11.5,20,9,16,"simple",NA,NA,"Quercus_rubra",16,NA,19.55
"275","Fagales","Juglandaceae","Carya","ovata",28.46,117.13,9.58,NA,NA,5.5,8.43,16,31.28,15.71,26.28,"compound",NA,NA,"Carya_ovata",26.28,NA,30.605
"276","Fagales","Myricaceae","Comptonia","peregrina",0.7,22.91,10.86,NA,NA,0.32,0.63,3,15.5,0.3,2.9,"simple",NA,NA,"Comptonia_peregrina",2.9,NA,9.725
"278","Fagales","Nothofagaceae","Nothofagus","antarctica",7.73,39.62,8.86,NA,NA,0.21,0.42,1.27,2.54,NA,NA,"simple",NA,NA,"Nothofagus_antarctica",NA,NA,2.22
"279","Fagales","Nothofagaceae","Nothofagus","cunninghamii",3.63,43.5,8.45,NA,NA,0.145,0.275,1.19,1.87,0.84,1.19,"simple",NA,NA,"Nothofagus_cunninghamii",1.19,NA,1.74
"280","Fagales","Nothofagaceae","Nothofagus","dombeyi",4.63,33.69,8.62,NA,NA,NA,0.21,1.9,3.81,0.95,1.59,"simple",NA,NA,"Nothofagus_dombeyi",1.59,NA,NA
"281","Fagales","Nothofagaceae","Nothofagus","gunnii",6.29,35.7,8.02,NA,NA,0,0.3,1,2,0.9,1.7,"simple",NA,NA,"Nothofagus_gunnii",1.7,NA,1.65
"282","Fagales","Nothofagaceae","Nothofagus","pumilio",3.03,35.24,6.9,NA,NA,0.32,0.63,1.9,3.17,1.27,2.22,"simple",NA,NA,"Nothofagus_pumilio",2.22,NA,3.01
"283","Garryales","Garryaceae","Aucuba","japonica",0.57,22.64,11.96,NA,NA,1.27,5.08,8,20,5,12,"simple",NA,NA,"Aucuba_japonica",12,NA,17.175
"284","Garryales","Garryaceae","Garrya","grisea",1.28,20.27,8.65,NA,NA,0.32,0.54,2.98,3.43,1.43,2.03,"simple",NA,NA,"Garrya_grisea",2.03,NA,3.635
"285","Garryales","Garryaceae","Garrya","laurifolia",8.8,55.86,19.36,NA,NA,1,2.5,5,16,2,6,"simple",NA,NA,"Garrya_laurifolia",6,NA,12.25
"286","Gentianales","Apocynaceae","Allamanda","blanchetii",3.16,51.41,16.42,NA,NA,NA,NA,43.77,70.7,15.6,26.98,"simple",NA,NA,"Allamanda_blanchetii",26.98,NA,NA
"287","Gentianales","Apocynaceae","Alyxia","leucogyne",3.73,53.16,13.11,NA,NA,2,2.5,7,9,2.75,4,"simple",NA,NA,"Alyxia_leucogyne",4,NA,10.25
"288","Gentianales","Apocynaceae","Araujia","sericifera",8.68,78.6,39.12,NA,NA,1.4,2.5,6,8.5,2.3,4.1,"simple",NA,NA,"Araujia_sericifera",4.1,NA,9.2
"289","Gentianales","Apocynaceae","Asclepias","subulata",0.76,19.97,10.49,2,8,NA,NA,NA,NA,0.1,0.2,"simple",NA,NA,"Asclepias_subulata",0.2,5,NA
"290","Gentianales","Apocynaceae","Aspidosperma","pyrifolium",6.53,40.05,11.75,NA,NA,11.4,1.87,5.02,6.67,2.75,3.47,"simple",NA,NA,"Aspidosperma_pyrifolium",3.47,NA,12.48
"291","Gentianales","Apocynaceae","Cascabela","ovata",8.45,49,12.78,NA,NA,0.5,1.5,5.5,18.5,2.5,12,"simple",NA,NA,"Cascabela_ovata",12,NA,13
"292","Gentianales","Apocynaceae","Cerberiopsis","candelabra",7.98,69.25,18.35,NA,NA,3.5,4.8,35,40,7,8,"simple",NA,NA,"Cerberiopsis_candelabra",8,NA,41.65
"293","Gentianales","Apocynaceae","Forsteronia","acouci",20.2,135.68,26.96,3.5,12,0.3,0.7,8,14.4,1.5,7.2,"simple",NA,NA,"Forsteronia_acouci",7.2,7.75,11.7
"294","Gentianales","Apocynaceae","Plumeria","rubra",3.25,61.82,18.5,NA,NA,1,3,9.4,34,2.6,11,"simple",NA,NA,"Plumeria_rubra",11,NA,23.7
"295","Gentianales","Apocynaceae","Tonduzia","longifolia",4.44,25.77,17.82,NA,NA,0.5,1.5,3.5,20,1,3.8,"simple",NA,NA,"Tonduzia_longifolia",3.8,NA,12.75
"296","Gentianales","Apocynaceae","Vallesia","glabra",3.46,44.43,10.91,NA,NA,0.5,1,3,9,0.8,2.5,"simple",NA,NA,"Vallesia_glabra",2.5,NA,6.75
"297","Gentianales","Rubiaceae","Coprosma","nitida",1.91,28.77,6.44,NA,NA,0.05,0.08,0.58,0.85,0.13,0.29,"simple",NA,NA,"Coprosma_nitida",0.29,NA,0.78
"298","Gentianales","Rubiaceae","Morinda","jasminoides",5.97,99.27,30.9,NA,NA,0.39,0.52,3.66,5.37,1.51,1.97,"simple",NA,NA,"Morinda_jasminoides",1.97,NA,4.97
"300","Gentianales","Rubiaceae","Pomax","umbellata",0.21,19.6,5.58,NA,NA,0.1,0.9,0.4,3,0.2,1.3,"simple",NA,NA,"Pomax_umbellata",1.3,NA,2.2
"301","Gentianales","Rubiaceae","Psychotria","rupicola",0.72,27.98,9.44,NA,NA,0.4,0.93,5,7.77,1.4,2.87,"simple",NA,NA,"Psychotria_rupicola",2.87,NA,7.05
"302","Gentianales","Rubiaceae","Randia","capitata",2.64,28.39,13.54,NA,NA,0.3,1.2,2,7,1,4,"simple",NA,NA,"Randia_capitata",4,NA,5.25
"303","Gentianales","Rubiaceae","Thiollierea","macrophylla",1.64,30.96,13.31,NA,NA,3.22,4.75,14.21,17.3,4.07,6.14,"simple",NA,NA,"Thiollierea_macrophylla",6.14,NA,19.74
"304","Geraniales","Geraniaceae","Pelargonium","hortorum",0.99,39.3,19.43,NA,NA,4,18,3.5,11,4.5,12,"simple",NA,NA,"Pelargonium_hortorum",12,NA,18.25
"305","Geraniales","Melianthaceae","Melianthus","major",1.67,32.87,23.39,NA,NA,NA,8.6,29.36,45,14.08,17.23,"compound",NA,NA,"Melianthus_major",17.23,NA,NA
"306","Huerteales","Dipentodontaceae","Perrottetia","longistylis",17,53.35,22.78,NA,NA,0.7,0.9,7,20,3,8,"simple",NA,NA,"Perrottetia_longistylis",8,NA,14.3
"307","Huerteales","Dipentodontaceae","Perrottetia","ovata",7,43.26,22.3,NA,NA,0.57,0.78,9.56,11.04,4.61,5.82,"simple",NA,NA,"Perrottetia_ovata",5.82,NA,10.975
"308","Huerteales","Huerteaceae","Huertea","cubensis",10.9,74.01,7.06,NA,NA,6.68,9.28,23.43,30.95,12.07,24.46,"compound",NA,NA,"Huertea_cubensis",24.46,NA,35.17
"309","Huerteales","Petenaeaceae","Petenaea","cordata",9.3,92.28,14.23,NA,NA,0.5,1.1,8.5,15.5,6.5,14.5,"simple",NA,NA,"Petenaea_cordata",14.5,NA,12.8
"310","Icacinales","Oncothecaceae","Oncotheca","humboldtiana",7.72,64.79,15.14,9,18,NA,NA,NA,NA,3.5,7,"simple",NA,NA,"Oncotheca_humboldtiana",7,13.5,NA
"311","Lamiales","Acanthaceae","Ruellia","californica",0.82,21.64,6.69,1,8.2,NA,NA,NA,NA,1,2.9,"simple",NA,NA,"Ruellia_californica",2.9,4.6,NA
"312","Lamiales","Bignoniaceae","Amphilophium","crucigerum",24,83.77,39.11,11.89,17.21,NA,NA,NA,NA,9.1,18.88,"compound",NA,NA,"Amphilophium_crucigerum",18.88,14.55,NA
"313","Lamiales","Bignoniaceae","Callichlamys","latifolia",37.75,155.03,43.49,16.52,26.31,NA,NA,NA,NA,14.05,23.47,"compound",NA,NA,"Callichlamys_latifolia",23.47,21.415,NA
"314","Lamiales","Bignoniaceae","Chilopsis","linearis",4.93,109.47,24.5,5.5,9,NA,NA,NA,NA,0.4,0.7,"simple",NA,NA,"Chilopsis_linearis",0.7,7.25,NA
"315","Lamiales","Bignoniaceae","Fridericia","patellifera",11.2,91.36,26.64,4.7,14.5,NA,NA,NA,NA,2.9,10.5,"compound",NA,NA,"Fridericia_patellifera",10.5,9.6,NA
"316","Lamiales","Bignoniaceae","Fridericia","schumanniana",32.72,166.84,35.66,14.43,21,NA,NA,NA,NA,4.12,11.5,"compound",NA,NA,"Fridericia_schumanniana",11.5,17.715,NA
"317","Lamiales","Bignoniaceae","Handroanthus","impetiginosus",12.63,76.04,19.38,20.82,41.15,NA,NA,NA,NA,14.66,36.5,"compound",NA,NA,"Handroanthus_impetiginosus",36.5,30.985,NA
"318","Lamiales","Bignoniaceae","Mansoa","verrucifera",38.7,115.6,29.05,20.79,27.32,NA,NA,NA,NA,11.62,24.71,"compound",NA,NA,"Mansoa_verrucifera",24.71,24.055,NA
"319","Lamiales","Bignoniaceae","Pandorea","pandorana",9.08,80.67,21.56,8,16,NA,NA,NA,NA,4.54,12,"compound",NA,NA,"Pandorea_pandorana",12,12,NA
"320","Lamiales","Bignoniaceae","Paragonia","pyramidata",32.17,236.81,39.31,11.23,20.68,NA,NA,NA,NA,8.28,13.88,"compound",NA,NA,"Paragonia_pyramidata",13.88,15.955,NA
"321","Lamiales","Bignoniaceae","Pyrostegia","venusta",7.85,76.57,16.7,4,10,NA,NA,NA,NA,6.65,11,"compound",NA,NA,"Pyrostegia_venusta",11,7,NA
"322","Lamiales","Bignoniaceae","Stizophyllum","riparium",30.2,84.24,25.23,2.9,20,NA,NA,NA,NA,1.9,12.5,"compound",NA,NA,"Stizophyllum_riparium",12.5,11.45,NA
"323","Lamiales","Bignoniaceae","Tabebuia","ochracea",4.48,69.03,16.1,5.5,25,NA,NA,NA,NA,2.3,9,"compound",NA,NA,"Tabebuia_ochracea",9,15.25,NA
"324","Lamiales","Bignoniaceae","Zeyheria","montana",2.06,42.5,20.59,10.2,27.7,NA,NA,NA,NA,8.7,18.6,"compound",NA,NA,"Zeyheria_montana",18.6,18.95,NA
"325","Lamiales","Gesneriaceae","Coronanthera","sericea",6.31,77.13,18.91,NA,NA,NA,NA,NA,NA,NA,NA,"simple",9,4,"Coronanthera_sericea",NA,NA,NA
"326","Lamiales","Gesneriaceae","Moussonia","deppeana",2.08,41,17.94,6.45,17.66,0.35,1.77,6.1,14.34,2.4,5.01,"simple",NA,NA,"Moussonia_deppeana",5.01,12.055,11.28
"328","Lamiales","Lamiaceae","Monardella","linoides",0.14,23.28,11.67,1.19,2.35,NA,NA,NA,NA,0.3,0.54,"simple",NA,NA,"Monardella_linoides",0.54,1.77,NA
"329","Lamiales","Lamiaceae","Salvia","leucophylla",1.79,30.76,15.71,3.02,12.53,NA,NA,NA,NA,0.8,2.2,"simple",NA,NA,"Salvia_leucophylla",2.2,7.775,NA
"330","Lamiales","Lamiaceae","Salvia","mellifera",2.12,28.36,14.23,2.5,7,NA,NA,NA,NA,0.82,1.56,"simple",NA,NA,"Salvia_mellifera",1.56,4.75,NA
"331","Lamiales","Lamiaceae","Salvia","pachyphylla",0.5,22.95,14.03,1.58,5,NA,NA,NA,NA,0.36,1.73,"simple",NA,NA,"Salvia_pachyphylla",1.73,3.29,NA
"332","Lamiales","Lamiaceae","Scutellaria","mexicana",0.92,22.34,14.5,0.3,1.5,NA,NA,NA,NA,0.2,0.8,"simple",NA,NA,"Scutellaria_mexicana",0.8,0.9,NA
"333","Lamiales","Oleaceae","Fraxinus","americana",24.5,114.64,22.72,20.32,38.1,NA,NA,NA,NA,9.14,16.2,"compound",NA,NA,"Fraxinus_americana",16.2,29.21,NA
"334","Lamiales","Oleaceae","Fraxinus","dipetala",5.1,44.82,12.6,5.08,16.33,NA,NA,NA,NA,3.7,7.77,"compound",NA,NA,"Fraxinus_dipetala",7.77,10.705,NA
"335","Lamiales","Oleaceae","Fraxinus","excelsior",7.68,77.42,17.09,25.4,30.48,NA,NA,NA,NA,5.07,16.88,"compound",NA,NA,"Fraxinus_excelsior",16.88,27.94,NA
"336","Lamiales","Oleaceae","Osmanthus","austrocaledonicus",6.24,66.32,13.12,5.54,7.7,0.83,0.96,4.61,6.8,1.91,3.61,"simple",NA,NA,"Osmanthus_austrocaledonicus",3.61,6.62,6.6
"337","Lamiales","Orobanchaceae","Cordylanthus","rigidus",1.27,24.16,13.74,1.24,2.27,NA,NA,NA,NA,0.1,0.16,"simple",NA,NA,"Cordylanthus_rigidus",0.16,1.755,NA
"338","Lamiales","Plantaginaceae","Angelonia","pubescens",2.61,28.13,12.32,NA,NA,0.47,0.82,3.07,5.63,1.98,3.35,"simple",NA,NA,"Angelonia_pubescens",3.35,NA,4.995
"339","Lamiales","Plantaginaceae","Keckiella","cordifolia",3.56,32.24,11.58,2.31,4.59,0.12,0.49,2.19,4.1,1.21,2.28,"simple",NA,NA,"Keckiella_cordifolia",2.28,3.45,3.45
"340","Lamiales","Plantaginaceae","Keckiella","ternata",0.89,21.32,11.47,1.5,6,NA,NA,NA,NA,0.33,0.43,"simple",NA,NA,"Keckiella_ternata",0.43,3.75,NA
"341","Lamiales","Plantaginaceae","Penstemon","centranthifolius",0.43,23.58,10.15,4.8,6.55,NA,NA,NA,NA,1.2,1.9,"simple",NA,NA,"Penstemon_centranthifolius",1.9,5.675,NA
"342","Lamiales","Scrophulariaceae","Buddleja","stachyoides",1.44,23.38,12.07,5,25,NA,NA,NA,NA,1.8,9,"simple",NA,NA,"Buddleja_stachyoides",9,15,NA
"343","Lamiales","Verbenaceae","Lantana","camara",9.51,95.52,27.43,NA,NA,0.5,1.4,2.8,11,1.5,7,"simple",NA,NA,"Lantana_camara",7,NA,7.85
"345","Lamiales","Verbenaceae","Lippia","balansae",3.43,44.79,14.7,2,4.77,0.17,0.5,1.84,4.27,0.89,1.6,"simple",NA,NA,"Lippia_balansae",1.6,3.385,3.39
"346","Lamiales","Verbenaceae","Lippia","gracilis",3.53,30.89,11.39,2.14,5.05,0.41,0.92,1.67,4.41,0.88,2.03,"simple",NA,NA,"Lippia_gracilis",2.03,3.595,3.705
"347","Laurales","Atherospermataceae","Atherosperma","moschatum",19.23,44.73,13.73,3,10,NA,NA,NA,NA,0.8,2.5,"simple",NA,NA,"Atherosperma_moschatum",2.5,6.5,NA
"348","Laurales","Atherospermataceae","Doryphora","sassafras",20.03,62.84,16.68,3,10,NA,NA,NA,NA,2,4,"simple",NA,NA,"Doryphora_sassafras",4,6.5,NA
"349","Laurales","Atherospermataceae","Nemuaron","vieillardii",9.18,51.44,13.33,NA,NA,0.4,1,2.5,6.5,1.3,3.5,"simple",NA,NA,"Nemuaron_vieillardii",3.5,NA,5.2
"350","Laurales","Calycanthaceae","Idiospermum","australiense",24,156.75,24.16,NA,NA,1.2,2.5,8,20,3,10,"simple",NA,NA,"Idiospermum_australiense",10,NA,15.85
"351","Laurales","Hernandiaceae","Gyrocarpus","jatrophifolius",7.7,156.92,30.77,NA,NA,1,42.5,5,45,5,45,"simple",NA,NA,"Gyrocarpus_jatrophifolius",45,NA,46.75
"352","Laurales","Hernandiaceae","Hernandia","albiflora",7.95,76.44,21.44,NA,NA,NA,1,11,16,3,5.5,"simple",NA,NA,"Hernandia_albiflora",5.5,NA,NA
"353","Laurales","Hernandiaceae","Hernandia","cordigera",8.5,89.89,24.58,NA,NA,3,10,8,17,4,10,"simple",NA,NA,"Hernandia_cordigera",10,NA,19
"354","Laurales","Hernandiaceae","Sparattanthelium","amazonum",11.76,137.28,31.35,NA,NA,1,8,2,13,1,8,"simple",NA,NA,"Sparattanthelium_amazonum",8,NA,12
"355","Laurales","Lauraceae","Beilschmiedia","oreophila",4.23,50.46,10.11,NA,NA,1.36,2.01,14.46,18.18,7.38,12.19,"simple",NA,NA,"Beilschmiedia_oreophila",12.19,NA,18.005
"356","Laurales","Lauraceae","Cryptocarya","aristata",9.75,71.07,14.96,NA,NA,5,10,6.5,8,2.5,4,"simple",NA,NA,"Cryptocarya_aristata",4,NA,14.75
"357","Laurales","Lauraceae","Cryptocarya","aurea",3.75,63.7,17.36,NA,NA,0.94,1.33,8.69,10.23,2.66,4.23,"simple",NA,NA,"Cryptocarya_aurea",4.23,NA,10.595
"358","Laurales","Lauraceae","Cryptocarya","elliptica",5.39,53.88,13.25,NA,NA,0.6,2,3.5,11,2,5,"simple",NA,NA,"Cryptocarya_elliptica",5,NA,8.55
"359","Laurales","Lauraceae","Cryptocarya","gracilis",4.35,69.92,16.43,NA,NA,0.3,0.5,3,6,1.5,4,"simple",NA,NA,"Cryptocarya_gracilis",4,NA,4.9
"360","Laurales","Lauraceae","Cryptocarya","longifolia",3.5,56.71,15.71,NA,NA,0.6,1,6,13,2,5.5,"simple",NA,NA,"Cryptocarya_longifolia",5.5,NA,10.3
"361","Laurales","Lauraceae","Cryptocarya","macrodesme",5.68,75.35,25.75,NA,NA,2,5,11,30,6,9.5,"simple",NA,NA,"Cryptocarya_macrodesme",9.5,NA,24
"362","Laurales","Lauraceae","Cryptocarya","odorata",3.9,86.4,21.16,NA,NA,1,2,6,16,3,10,"simple",NA,NA,"Cryptocarya_odorata",10,NA,12.5
"363","Laurales","Lauraceae","Cryptocarya","oubatchensis",5.89,73.8,20.38,NA,NA,0.8,1.5,5,12,2.5,3.5,"simple",NA,NA,"Cryptocarya_oubatchensis",3.5,NA,9.65
"364","Laurales","Lauraceae","Cryptocarya","pluricostata",3.65,54.46,11.65,NA,NA,1.5,2,5,12,2.5,6,"simple",NA,NA,"Cryptocarya_pluricostata",6,NA,10.25
"365","Laurales","Lauraceae","Cryptocarya","velutinosa",7.3,70.07,17.5,NA,NA,0.91,1.42,11.69,16.29,5.25,8.98,"simple",NA,NA,"Cryptocarya_velutinosa",8.98,NA,15.155
"366","Laurales","Lauraceae","Endiandra","baillonii",4.42,69.59,18.12,NA,NA,1.5,3,5,7.5,2,3,"simple",NA,NA,"Endiandra_baillonii",3,NA,8.5
"367","Laurales","Lauraceae","Licaria","nayaritensis",3.98,51.77,22.72,NA,NA,0.4,0.9,6.5,12,2.2,4,"simple",NA,NA,"Licaria_nayaritensis",4,NA,9.9
"368","Laurales","Lauraceae","Lindera","benzoin",2.91,34.56,16.24,NA,NA,0.5,1.2,6,15,2,6,"simple",NA,NA,"Lindera_benzoin",6,NA,11.35
"369","Laurales","Lauraceae","Nectandra","ambigens",18,133.07,38.15,NA,NA,2,2.8,9.5,26,3.5,10,"simple",NA,NA,"Nectandra_ambigens",10,NA,20.15
"370","Laurales","Lauraceae","Ocotea","corymbosa",4.63,64.86,13.27,NA,NA,0.8,2,5,10,1.5,4,"simple",NA,NA,"Ocotea_corymbosa",4,NA,8.9
"371","Laurales","Lauraceae","Sassafras","albidum",5,68.51,17.74,NA,NA,NA,2.54,10,16,5,10,"simple",NA,NA,"Sassafras_albidum",10,NA,NA
"372","Laurales","Monimiaceae","Hedycarya","cupulata",5.53,62.31,18.84,NA,NA,6,1.5,5,13,2.5,4.5,"simple",NA,NA,"Hedycarya_cupulata",4.5,NA,12.75
"373","Laurales","Monimiaceae","Hedycarya","engleriana",5.74,72.33,20.84,NA,NA,0.4,0.7,5,10,2,4.5,"simple",NA,NA,"Hedycarya_engleriana",4.5,NA,8.05
"374","Laurales","Monimiaceae","Hedycarya","parvifolia",7.83,63.39,12.37,NA,NA,0.4,1.5,3,11,1,5,"simple",NA,NA,"Hedycarya_parvifolia",5,NA,7.95
"375","Laurales","Monimiaceae","Kibaropsis","caledonica",6.28,37.89,23.73,NA,NA,NA,NA,20,25,5,8,"simple",NA,NA,"Kibaropsis_caledonica",8,NA,NA
"376","Laurales","Monimiaceae","Palmeria","scandens",6.67,60.47,28.7,NA,NA,0.4,1.4,4.5,19,2,9,"simple",NA,NA,"Palmeria_scandens",9,NA,12.65
"377","Laurales","Monimiaceae","Wilkiea","hugeliana",2.64,45.1,11.18,NA,NA,0.6,1,6,15,1,5,"simple",NA,NA,"Wilkiea_hugeliana",5,NA,11.3
"378","Laurales","Siparunaceae","Siparuna","gesnerioides",9.3,63.68,19.98,NA,NA,1,5,10,28,4,10,"simple",NA,NA,"Siparuna_gesnerioides",10,NA,22
"379","Laurales","Siparunaceae","Siparuna","thecaphora",4.77,51.83,25.71,NA,NA,0.7,3,9,30,5,8,"simple",NA,NA,"Siparuna_thecaphora",8,NA,21.35
"380","Liliales","Smilacaceae","Smilax","leucophylla",6.18,74.23,38.26,NA,NA,4,5,10,32,4,22,"simple",NA,NA,"Smilax_leucophylla",22,NA,25.5
"381","Liliales","Smilacaceae","Smilax","polyantha",3.94,69.69,29.9,NA,NA,0.35,1.04,3.08,7.57,2.54,3.73,"simple",NA,NA,"Smilax_polyantha",3.73,NA,6.02
"382","Magnoliales","Annonaceae","Annona","coriacea",2.71,94.09,17.89,NA,NA,NA,0.5,10,13.5,6.5,9.5,"simple",NA,NA,"Annona_coriacea",9.5,NA,NA
"384","Magnoliales","Annonaceae","Annona","leptopetala",4.43,33.82,12.66,NA,NA,0.6,0.8,8,10,2.8,3.5,"simple",NA,NA,"Annona_leptopetala",3.5,NA,9.7
"385","Magnoliales","Annonaceae","Cymbopetalum","baillonii",11.93,87.72,30.05,NA,NA,0.3,0.7,3.1,25.5,2.3,8.1,"simple",NA,NA,"Cymbopetalum_baillonii",8.1,NA,14.8
"386","Magnoliales","Annonaceae","Hubera","nitidissima",8.6,52.58,16.21,NA,NA,0.09,0.58,5.2,10.88,1.91,3.39,"simple",NA,NA,"Hubera_nitidissima",3.39,NA,8.375
"387","Magnoliales","Annonaceae","Meiogyne","tiebaghiensis",5.1,47.88,20.13,NA,NA,0.1,0.11,2.5,23,1.7,5,"simple",NA,NA,"Meiogyne_tiebaghiensis",5,NA,12.855
"388","Magnoliales","Eupomatiaceae","Eupomatia","barbata",0.49,20.17,15.32,NA,NA,0.25,0.6,6,22,1.5,5.5,"simple",NA,NA,"Eupomatia_barbata",5.5,NA,14.425
"389","Magnoliales","Eupomatiaceae","Eupomatia","laurina",10.63,67.51,14.65,NA,NA,NA,0.3,7,20,2.5,7.5,"simple",NA,NA,"Eupomatia_laurina",7.5,NA,NA
"390","Magnoliales","Himantandraceae","Galbulimima","baccata",8.31,75.78,25.07,NA,NA,0.8,2,7,11.5,2,4,"simple",NA,NA,"Galbulimima_baccata",4,NA,10.65
"391","Magnoliales","Magnoliaceae","Liriodendron","tulipifera",30.15,74.25,16.5,NA,NA,5,11.5,7.5,15,12.5,18.5,"simple",NA,NA,"Liriodendron_tulipifera",18.5,NA,19.5
"392","Magnoliales","Myristicaceae","Virola","guatemalensis",6.78,70.6,28.18,NA,NA,0.5,1.4,13,25,4,8,"simple",NA,NA,"Virola_guatemalensis",8,NA,19.95
"393","Malpighiales","Achariaceae","Ryparosa","kurrangii",14.83,76.14,24.07,NA,NA,2.5,4,15,32,4,8,"simple",NA,NA,"Ryparosa_kurrangii",8,NA,26.75
"394","Malpighiales","Balanopaceae","Balanops","pancheri",3.52,32.74,20.93,NA,NA,0.6,0.8,12,18,2.5,4,"simple",NA,NA,"Balanops_pancheri",4,NA,15.7
"395","Malpighiales","Calophyllaceae","Kielmeyera","grandiflora",2.52,66.02,32.55,8.4,12.3,0.5,1.1,8.4,12.3,3.1,7,"simple",NA,NA,"Kielmeyera_grandiflora",7,10.35,11.15
"396","Malpighiales","Chrysobalanaceae","Couepia","grandiflora",2.64,114.31,15.5,NA,NA,0.3,1.3,7.5,18,3.5,9,"simple",NA,NA,"Couepia_grandiflora",9,NA,13.55
"398","Malpighiales","Clusiaceae","Garcinia","intermedia",12.5,83.9,28.32,NA,NA,1.5,2.5,12,24,4.8,9.7,"simple",NA,NA,"Garcinia_intermedia",9.7,NA,20
"399","Malpighiales","Clusiaceae","Montrouziera","sphaeroidea",2.21,89.25,13.75,7.5,10.1,0.7,1.8,6.2,8.3,1.4,2.7,"simple",NA,NA,"Montrouziera_sphaeroidea",2.7,8.8,8.5
"400","Malpighiales","Erythroxylaceae","Erythroxylum","revolutum",4.87,37.98,8.28,NA,NA,0.2,0.62,1.6,6,1,3.5,"simple",NA,NA,"Erythroxylum_revolutum",3.5,NA,4.21
"401","Malpighiales","Euphorbiaceae","Adelia","brandegeei",3.52,36.58,14.67,NA,NA,0,0.2,2,3,0.5,1,"simple",NA,NA,"Adelia_brandegeei",1,NA,2.6
"402","Malpighiales","Euphorbiaceae","Cnidoscolus","urens",1.34,65.24,32.8,NA,NA,3,5,3,5,12,13,"simple",NA,NA,"Cnidoscolus_urens",13,NA,8
"403","Malpighiales","Euphorbiaceae","Croton","blanchetianus",4.96,46.01,9.76,NA,NA,0.7,1.5,5,6,4,5,"simple",NA,NA,"Croton_blanchetianus",5,NA,6.6
"404","Malpighiales","Euphorbiaceae","Croton","californicus",0.67,30.44,10.87,NA,NA,1,3.5,2.5,5,0.8,2,"simple",NA,NA,"Croton_californicus",2,NA,6
"405","Malpighiales","Euphorbiaceae","Croton","echioideus",3.9,24.83,12.87,NA,NA,3.3,6.5,8.5,12,4,6,"simple",NA,NA,"Croton_echioideus",6,NA,15.15
"406","Malpighiales","Euphorbiaceae","Euphorbia","californica",1.84,55.76,17.84,0.8,3,0.6,1,0.6,2,1,1.4,"simple",NA,NA,"Euphorbia_californica",1.4,1.9,2.1
"407","Malpighiales","Euphorbiaceae","Euphorbia","lomelii",1.53,31.68,10.95,NA,NA,0.1,0.3,0.3,1,0.15,0.4,"simple",NA,NA,"Euphorbia_lomelii",0.4,NA,0.85
"408","Malpighiales","Euphorbiaceae","Homalanthus","populifolius",8.5,95.43,34.75,NA,NA,3,9.5,6.5,11.5,5.5,7.5,"simple",NA,NA,"Homalanthus_populifolius",7.5,NA,15.25
"409","Malpighiales","Euphorbiaceae","Jatropha","cinerea",4.37,80.62,14.24,3,6.5,2,6,2,4,3,6.5,"simple",NA,NA,"Jatropha_cinerea",6.5,4.75,7
"410","Malpighiales","Euphorbiaceae","Jatropha","cuneata",1.27,60,11.45,NA,NA,0,0.2,0.7,1.9,0.3,0.9,"simple",NA,NA,"Jatropha_cuneata",0.9,NA,1.4
"411","Malpighiales","Euphorbiaceae","Jatropha","mollissima",1.75,37.38,23.3,NA,NA,5,21.5,7,18.5,6,11,"simple",NA,NA,"Jatropha_mollissima",11,NA,26
"412","Malpighiales","Euphorbiaceae","Manihot","dichotoma",6.03,123.73,32.47,NA,NA,5,15,5,10,6.6,12,"simple",NA,NA,"Manihot_dichotoma",12,NA,17.5
"413","Malpighiales","Euphorbiaceae","Sapium","glandulosum",6.74,109.6,19.77,NA,NA,0.5,2,10,16,NA,2,"simple",NA,NA,"Sapium_glandulosum",2,NA,14.25
"414","Malpighiales","Euphorbiaceae","Stillingia","trapezoidea",3.82,77.62,12.91,NA,NA,0.5,1,1.9,6.5,1.1,2.5,"simple",NA,NA,"Stillingia_trapezoidea",2.5,NA,4.95
"415","Malpighiales","Hypericaceae","Hypericum","aciculare",0.69,12.67,5.85,NA,NA,NA,NA,0.35,0.7,0.04,0.06,"simple",NA,NA,"Hypericum_aciculare",0.06,NA,NA
"416","Malpighiales","Hypericaceae","Hypericum","androsaemum",0.81,23.57,12.65,NA,NA,NA,NA,3.5,10,2.5,5,"simple",NA,NA,"Hypericum_androsaemum",5,NA,NA
"417","Malpighiales","Malpighiaceae","Byrsonima","coccolobifolia",1.79,50.75,16.01,NA,NA,0.5,1.5,7.5,15,7,11,"simple",NA,NA,"Byrsonima_coccolobifolia",11,NA,12.25
"418","Malpighiales","Malpighiaceae","Byrsonima","intermedia",1.24,39.65,11.88,6.78,11.36,NA,NA,7,14,3.47,4.12,"simple",NA,NA,"Byrsonima_intermedia",4.12,9.07,NA
"419","Malpighiales","Ochnaceae","Ouratea","spectabilis",1.86,61.75,15.95,NA,NA,0.1,0.2,7.5,10,4,6,"simple",NA,NA,"Ouratea_spectabilis",6,NA,8.9
"420","Malpighiales","Passifloraceae","Passiflora","edulis",6.93,99.59,21.93,NA,NA,3,9.5,6.5,11.5,5.5,7.5,"simple",NA,NA,"Passiflora_edulis",7.5,NA,15.25
"421","Malpighiales","Passifloraceae","Passiflora","filipes",2.36,51.83,16.87,NA,NA,1.5,2.5,1,3,1.5,6,"simple",NA,NA,"Passiflora_filipes",6,NA,4
"422","Malpighiales","Phyllanthaceae","Breynia","cernua",1.04,32.77,19.24,NA,NA,1.7,3.5,2.5,4,1.5,2.3,"simple",NA,NA,"Breynia_cernua",2.3,NA,5.85
"423","Malpighiales","Phyllanthaceae","Phyllanthus","aeneus",1.49,39.85,14.85,NA,NA,0.4,0.8,NA,7,NA,4,"simple",NA,NA,"Phyllanthus_aeneus",4,NA,NA
"424","Malpighiales","Picrodendraceae","Austrobuxus","eugeniifolius",1.65,60.15,39.15,4.03,6.29,0.32,0.63,3.71,5.66,1.88,3.09,"simple",NA,NA,"Austrobuxus_eugeniifolius",3.09,5.16,5.16
"425","Malpighiales","Picrodendraceae","Petalostigma","quadriloculare",0.14,20.09,9.35,NA,NA,0.4,0.8,2.2,7,1,5,"simple",NA,NA,"Petalostigma_quadriloculare",5,NA,5.2
"426","Malpighiales","Rhizophoraceae","Rhizophora","mangle",10.53,79.57,10.99,NA,NA,1.5,2,6,12,2.2,6,"simple",NA,NA,"Rhizophora_mangle",6,NA,10.75
"427","Malpighiales","Salicaceae","Populus","tremula",6,49.17,13.22,7,13,4,6,3,7,3,8,"simple",NA,NA,"Populus_tremula",8,10,10
"428","Malpighiales","Salicaceae","Populus","tremuloides",11.22,45.94,11.88,4,13,1,6,3,7,3,7,"simple",NA,NA,"Populus_tremuloides",7,8.5,8.5
"429","Malpighiales","Salicaceae","Salix","caprea",7.73,50.16,12.97,5,10,NA,0.5,NA,NA,3,6,"simple",10,6,"Salix_caprea",6,7.5,NA
"430","Malpighiales","Salicaceae","Salix","lasiolepis",4.08,39.66,12.57,3.8,14.1,0.3,1.6,3.5,12.5,0.6,3.2,"simple",21.875,NA,"Salix_lasiolepis",3.2,8.95,8.95
"431","Malpighiales","Violaceae","Hymenanthera","dentata",4.54,29.56,8.34,2.5,4,NA,NA,NA,NA,0.4,0.6,"simple",4.5,0.7,"Hymenanthera_dentata",0.6,3.25,NA
"432","Malpighiales","Violaceae","Rinorea","guatemalensis",7.92,45.93,19.84,7,14.5,0.4,0.9,6.6,13.6,2.5,6,"simple",14.25,5.5,"Rinorea_guatemalensis",6,10.75,10.75
"433","Malvales","Bixaceae","Cochlospermum","regium",8.32,145.66,15.16,NA,NA,NA,NA,NA,NA,NA,NA,"simple",8.0714,9.4738,"Cochlospermum_regium",NA,NA,NA
"434","Malvales","Malvaceae","Brachychiton","acerifolius",9.3,114.61,12.27,12,20,NA,NA,NA,NA,5,18,"simple",22,14,"Brachychiton_acerifolius",18,16,NA
"435","Malvales","Malvaceae","Byttneria","aculeata",5.82,53.94,22.72,7,12.5,NA,NA,NA,NA,3,10,"simple",13.25,8,"Byttneria_aculeata",10,9.75,NA
"436","Malvales","Malvaceae","Ceiba","pentandra",25.5,244.3,71.26,11,40,5,25,NA,NA,NA,NA,"compound",31,NA,"Ceiba_pentandra",NA,25.5,NA
"438","Malvales","Malvaceae","Malacothamnus","fasciculatus",2.7,28.82,15.03,NA,NA,NA,NA,2,8,NA,NA,"simple",8,NA,"Malacothamnus_fasciculatus",NA,NA,NA
"439","Malvales","Malvaceae","Melochia","tomentosa",1.02,32.67,10.64,NA,NA,0.3,2.5,1.5,6,0.8,4,"simple",4.5,2.8,"Melochia_tomentosa",4,NA,5.15
"440","Malvales","Malvaceae","Sida","galheirensis",1.08,29.31,9.71,1.5,4,0.9,1.1,NA,NA,1,3,"simple",3.5,2.5,"Sida_galheirensis",3,2.75,NA
"441","Malvales","Malvaceae","Sphaeralcea","ambigua",1.17,23.88,9.63,NA,NA,NA,NA,1.5,5,NA,NA,"simple",4,NA,"Sphaeralcea_ambigua",NA,NA,NA
"442","Malvales","Muntingiaceae","Muntingia","calabura",9.33,147.28,30.03,4,14,1,4,NA,NA,NA,NA,"simple",11,NA,"Muntingia_calabura",NA,9,NA
"443","Malvales","Thymelaeaceae","Daphne","laureola",0.62,23.28,8.51,3,12,NA,NA,NA,NA,1,3.5,"simple",9,2.75,"Daphne_laureola",3.5,7.5,NA
"444","Malvales","Thymelaeaceae","Ovidia","pillopillo",1.81,23.38,10.31,NA,NA,NA,NA,2,8,1,2,"simple",8,2,"Ovidia_pillopillo",2,NA,NA
"445","Malvales","Thymelaeaceae","Pimelea","linifolia",1.2,23.03,11.38,NA,NA,NA,NA,0.4,2.9,0.1,0.9,"simple",1.85,0.55,"Pimelea_linifolia",0.9,NA,NA
"446","Metteneusiales","Metteneusiaceae","Calatola","costaricensis",17.77,92.2,22.33,NA,NA,1,2,6,15,2,5,"simple",45,4.5,"Calatola_costaricensis",5,NA,12
"447","Myrtales","Combretaceae","Combretum","leprosum",7.03,73.77,13.99,NA,NA,NA,NA,NA,NA,NA,NA,"simple",14.6961,5.8437,"Combretum_leprosum",NA,NA,NA
"448","Myrtales","Melastomataceae","Brachyotum","rotundifolium",2.88,19.29,10.61,NA,NA,NA,NA,NA,NA,NA,NA,"simple",9.02,7.504,"Brachyotum_rotundifolium",NA,NA,NA
"449","Myrtales","Melastomataceae","Miconia","albicans",3.75,61.88,13.72,NA,NA,NA,NA,NA,NA,NA,NA,"simple",6.56284,3.21588,"Miconia_albicans",NA,NA,NA
"450","Myrtales","Melastomataceae","Miconia","cf_dodsonii",0.82,18.78,13.07,NA,NA,NA,NA,NA,NA,NA,NA,"simple",3.9632,2.666,"Miconia_cf_dodsonii",NA,NA,NA
"451","Myrtales","Melastomataceae","Miconia","namandensis",0.89,12.09,12.31,3.7,7.2,0.7,1.2,3,6,1.8,3.3,"simple",6.4624,3.2578,"Miconia_namandensis",3.3,5.45,5.45
"455","Myrtales","Myrtaceae","Angophora","costata",31.3,112.4,26.02,7.9,21.5,0.9,2.5,7,19,1.2,3.5,"simple",66.5,2.95,"Angophora_costata",3.5,14.7,14.7
"456","Myrtales","Myrtaceae","Campomanesia","adamantium",1.68,52.66,12.01,NA,NA,NA,NA,NA,NA,NA,NA,"simple",4.6274,1.8496,"Campomanesia_adamantium",NA,NA,NA
"457","Myrtales","Myrtaceae","Eucalyptus","coccifera",13.67,117.97,25.81,5.8,12.2,0.8,2.2,5,10,1,2,"simple",25,2,"Eucalyptus_coccifera",2,9,9
"458","Myrtales","Myrtaceae","Eucalyptus","pilularis",28.07,143.6,20.69,9,16,NA,NA,NA,NA,1.5,3,"simple",17,3,"Eucalyptus_pilularis",3,12.5,NA
"459","Myrtales","Myrtaceae","Eucalyptus","regnans",46.67,157.95,27.3,9,14,1.2,2.2,NA,NA,1.6,2.7,"simple",16,2.95,"Eucalyptus_regnans",2.7,11.5,NA
"460","Myrtales","Myrtaceae","Melaleuca","pancheri",3.53,87.81,15.03,4,7,NA,NA,NA,NA,1,1.5,"simple",7.5,1.75,"Melaleuca_pancheri",1.5,5.5,NA
"461","Myrtales","Myrtaceae","Metrosideros","operculata",5.35,79.68,9.82,1.2,4,NA,NA,NA,NA,0.3,1,"simple",3.2,0.8,"Metrosideros_operculata",1,2.6,NA
"462","Myrtales","Myrtaceae","Pleurocalyptus","pancheri",6.55,104.56,12.58,10,22,NA,NA,NA,NA,6,10,"simple",21,11,"Pleurocalyptus_pancheri",10,16,NA
"463","Myrtales","Myrtaceae","Syzygium","macranthum",5.33,112.83,10.79,5,18,NA,NA,NA,NA,2.5,8.5,"simple",14,6.75,"Syzygium_macranthum",8.5,11.5,NA
"464","Myrtales","Onagraceae","Fuchsia","magellanica",1.39,32.57,16.1,1.5,7,0.3,2,1.2,5,0.5,4,"simple",4.7175,0.8677,"Fuchsia_magellanica",4,4.25,4.25
"465","Myrtales","Vochysiaceae","Callisthene","minor",4.25,31.39,11.62,NA,NA,NA,0.1,5,8,NA,0.1,"simple",NA,NA,"Callisthene_minor",0.1,NA,NA
"466","Myrtales","Vochysiaceae","Vochysia","guatemalensis",19.33,173.45,33.16,NA,NA,1.3,3,6,17,3,6,"simple",NA,NA,"Vochysia_guatemalensis",6,NA,13.65
"467","Oxalidales","Brunelliaceae","Brunellia","mexicana",15.87,106.85,13.32,NA,NA,6,15,15,45,30,52,"compound",NA,NA,"Brunellia_mexicana",52,NA,40.5
"468","Oxalidales","Connaraceae","Rourea","glabra",23.16,127.76,21.23,NA,NA,0.5,7,2,15,2.6,9.5,"compound",NA,NA,"Rourea_glabra",9.5,NA,12.25
"469","Oxalidales","Cunoniaceae","Bauera","rubioides",0.64,23.5,8.43,NA,NA,NA,NA,0.56,1.56,0.89,1.96,"compound",NA,NA,"Bauera_rubioides",1.96,NA,NA
"470","Oxalidales","Cunoniaceae","Ceratopetalum","apetalum",19.05,55.41,20.66,NA,NA,1,2,6,12,2,5,"compound",NA,NA,"Ceratopetalum_apetalum",5,NA,10.5
"471","Oxalidales","Cunoniaceae","Ceratopetalum","gummiferum",12,55.33,10.35,NA,NA,1.23,3.85,3.28,7.95,3.45,12.17,"compound",NA,NA,"Ceratopetalum_gummiferum",12.17,NA,8.155
"472","Oxalidales","Cunoniaceae","Codia","spatulata",1.45,65.6,18.91,NA,NA,1,2,3,10.5,1.5,6,"simple",NA,NA,"Codia_spatulata",6,NA,8.25
"473","Oxalidales","Cunoniaceae","Eucryphia","moorei",12.05,37.85,12.76,NA,NA,1,3,5,15,1.5,8,"compound",NA,NA,"Eucryphia_moorei",8,NA,12
"474","Oxalidales","Cunoniaceae","Geissois","pruinosa",6.24,65.79,15.67,NA,NA,3.9,11.3,7.47,22.6,10.55,37.4,"compound",NA,NA,"Geissois_pruinosa",37.4,NA,22.635
"475","Oxalidales","Cunoniaceae","Pancheria","hirsuta",3.89,40.15,12.64,NA,NA,0.47,2.44,5.32,8.14,5.64,13.28,"compound",NA,NA,"Pancheria_hirsuta",13.28,NA,8.185
"476","Oxalidales","Elaeocarpaceae","Dubouzetia","campanulata",4.93,48.28,10.66,NA,NA,0.5,1.5,5,12,1,4.5,"simple",NA,NA,"Dubouzetia_campanulata",4.5,NA,9.5
"477","Oxalidales","Elaeocarpaceae","Elaeocarpus","angustifolius",25.4,151.76,26.21,NA,NA,1,1.5,9,14,3,4.5,"simple",NA,NA,"Elaeocarpus_angustifolius",4.5,NA,12.75
"478","Oxalidales","Elaeocarpaceae","Elaeocarpus","reticulatus",9.75,53.25,18.11,NA,NA,0.5,2,5,13,1,3,"compound",NA,NA,"Elaeocarpus_reticulatus",3,NA,10.25
"479","Oxalidales","Elaeocarpaceae","Tetratheca","rubioides",0.22,11.15,8.17,0.3,1.5,NA,NA,NA,NA,NA,0.1,"simple",NA,NA,"Tetratheca_rubioides",0.1,0.9,NA
"480","Pandanales","Pandanaceae","Pandanus","tectorius",8.9,93.07,12.09,NA,180,NA,NA,NA,NA,5,8,"simple",NA,NA,"Pandanus_tectorius",8,NA,NA
"481","Paracryphiales","Paracryphiaceae","Paracryphia","alticola",4.19,42.96,12.54,NA,NA,2.5,4,5,13,1.5,4.5,"simple",NA,NA,"Paracryphia_alticola",4.5,NA,12.25
"482","Paracryphiales","Paracryphiaceae","Quintinia","major",3.85,55.54,15.83,NA,NA,2.2,3.74,11,15.5,4.2,7,"simple",NA,NA,"Quintinia_major",7,NA,16.22
"483","Paracryphiales","Paracryphiaceae","Quintinia","oreophila",2,30.46,12.86,NA,NA,0.33,0.8,1.87,3.8,0.91,2.04,"simple",NA,NA,"Quintinia_oreophila",2.04,NA,3.4
"484","Paracryphiales","Paracryphiaceae","Quintinia","sieberi",13,75.61,14.86,NA,NA,1.15,2.18,6.85,11.59,2.45,4.81,"simple",NA,NA,"Quintinia_sieberi",4.81,NA,10.885
"485","Paracryphiales","Paracryphiaceae","Quintinia","verdonii",11.57,61.65,21.25,NA,NA,1,2.5,5,15,1.5,5,"simple",NA,NA,"Quintinia_verdonii",5,NA,11.75
"486","Picramniales","Picramniaceae","Alvaradoa","amorphoides",6.23,62.46,23.3,NA,NA,1.7,3,12.5,21,2,5,"compound",NA,NA,"Alvaradoa_amorphoides",5,NA,19.1
"487","Picramniales","Picramniaceae","Picramnia","antidesma",5.8,35.57,20.89,NA,NA,1,5,6.5,18,7.2,16,"compound",NA,NA,"Picramnia_antidesma",16,NA,15.25
"488","Piperales","Aristolochiaceae","Aristolochia","emiliae",0.15,20.26,12.83,NA,NA,0.4,0.9,5,8.5,1.5,3.5,"simple",NA,NA,"Aristolochia_emiliae",3.5,NA,7.4
"489","Piperales","Aristolochiaceae","Aristolochia","taliscana",4.44,78.05,25.94,2.5,7,NA,NA,NA,NA,2.5,6,"simple",NA,NA,"Aristolochia_taliscana",6,4.75,NA
"490","Piperales","Piperaceae","Piper","amalago",7.5,66.73,20.65,NA,NA,0.6,1.5,7.5,12,5.6,8,"simple",NA,NA,"Piper_amalago",8,NA,10.8
"491","Piperales","Piperaceae","Piper","novae_hollandiae",21.65,193.6,19.4,NA,NA,0.6,3,4,12,2,11,"simple",NA,NA,"Piper_novae_hollandiae",11,NA,9.8
"492","Poales","Flagellariaceae","Flagellaria","neocaledonica",2.97,103.68,27.76,22,54,NA,NA,NA,NA,3.5,9,"simple",NA,NA,"Flagellaria_neocaledonica",9,38,NA
"493","Poales","Poaceae","Panicum","clandestinum",1.04,36.78,22.02,10,25,NA,NA,NA,NA,2,3,"simple",NA,NA,"Panicum_clandestinum",3,17.5,NA
"494","Poales","Restionaceae","Baloskion","tetraphyllum",1.24,33.46,17.84,NA,NA,NA,NA,1.44,3.32,0.024,0.068,"simple",NA,NA,"Baloskion_tetraphyllum",0.068,NA,NA
"495","Proteales","Proteaceae","Bellendena","montana",0.5,24.52,7.84,1,6,NA,NA,NA,NA,0.2,2.2,"simple",NA,NA,"Bellendena_montana",2.2,3.5,NA
"496","Proteales","Proteaceae","Embothrium","coccineum",1.34,30.86,8.17,4,8,NA,NA,NA,NA,1,3,"simple",NA,NA,"Embothrium_coccineum",3,6,NA
"497","Proteales","Proteaceae","Grevillea","exul",3.11,78.35,18.73,NA,NA,0.9,2.1,6.6,9.6,0.82,2.2,"simple",NA,NA,"Grevillea_exul",2.2,NA,9.6
"498","Proteales","Proteaceae","Lambertia","formosa",2.8,34.44,12.06,3,8,NA,NA,NA,NA,0.2,0.5,"simple",NA,NA,"Lambertia_formosa",0.5,5.5,NA
"499","Proteales","Proteaceae","Orites","diversifolius",1.99,34.81,8.11,NA,NA,0.2,0.3,2,12,0.3,1.1,"simple",NA,NA,"Orites_diversifolius",1.1,NA,7.25
"500","Proteales","Proteaceae","Persoonia","falcata",5,102.98,16.58,8,35,NA,NA,NA,NA,4,30,"simple",NA,NA,"Persoonia_falcata",30,21.5,NA
"501","Proteales","Proteaceae","Roupala","montana",5.63,89.07,15.11,NA,NA,3,5,5,12,4,10,"simple",NA,NA,"Roupala_montana",10,NA,12.5
"502","Proteales","Proteaceae","Stenocarpus","umbellifer",1.43,63.55,17.06,NA,NA,0.3,0.76,2.57,4.91,0.61,1.26,"simple",NA,NA,"Stenocarpus_umbellifer",1.26,NA,4.27
"503","Proteales","Proteaceae","Symphionema","montanum",0.56,16.71,12.12,1.66,4.08,NA,NA,NA,NA,0.67,3.07,"simple",NA,NA,"Symphionema_montanum",3.07,2.87,NA
"504","Proteales","Proteaceae","Telopea","truncata",2.09,33.46,15.44,3,14,NA,NA,NA,NA,0.5,2.2,"simple",NA,NA,"Telopea_truncata",2.2,8.5,NA
"505","Ranunculales","Berberidaceae","Berberis","aquifolium",3.76,25.16,11.66,NA,NA,1,6,5.1,8.7,2.4,4.5,"compound",NA,NA,"Berberis_aquifolium",4.5,NA,10.4
"506","Ranunculales","Berberidaceae","Berberis","darwinii",0.95,17.29,8.78,NA,NA,0.1,0.3,1.7,3,0.9,1.2,"simple",NA,NA,"Berberis_darwinii",1.2,NA,2.55
"507","Ranunculales","Berberidaceae","Berberis","empetrifolia",0.67,18.87,8.52,NA,NA,0.1,0.25,0.5,1.8,0.1,0.12,"simple",NA,NA,"Berberis_empetrifolia",0.12,NA,1.325
"508","Ranunculales","Berberidaceae","Berberis","microphylla",0.79,18.38,7.8,NA,NA,0.2,0.8,2,6,0.9,2.8,"simple",NA,NA,"Berberis_microphylla",2.8,NA,4.5
"509","Ranunculales","Berberidaceae","Berberis","serratodentata",0.82,17.2,8.68,NA,NA,0.6,0.7,2.3,9.3,1.1,2.4,"simple",NA,NA,"Berberis_serratodentata",2.4,NA,6.45
"510","Ranunculales","Berberidaceae","Nandina","domestica",0.62,13.75,9.11,30,50,0.97,2.01,NA,NA,2,10,"compound",NA,NA,"Nandina_domestica",10,40,NA
"511","Ranunculales","Menispermaceae","Hyperbaena","ilicifolia",3.48,88.24,20.54,NA,NA,NA,NA,NA,NA,NA,NA,"simple",9,5.5,"Hyperbaena_ilicifolia",NA,NA,NA
"512","Ranunculales","Menispermaceae","Stephania","japonica",6.23,105.08,31.23,NA,NA,3,12,5,12,5,12,"simple",NA,NA,"Stephania_japonica",12,NA,16
"513","Ranunculales","Papaveraceae","Bocconia","arborea",8.22,148.79,27.83,15,25,0.94,1.92,NA,NA,6,9,"simple",NA,NA,"Bocconia_arborea",9,20,NA
"514","Ranunculales","Ranunculaceae","Clematis","glycinoides",8.86,70.2,34.26,NA,NA,2,8,2.5,13,5,26,"compound",NA,NA,"Clematis_glycinoides",26,NA,12.75
"515","Ranunculales","Ranunculaceae","Clematis","vitalba",4.17,73.77,15.8,NA,NA,1.07,5.26,9,13.2,6,10,"compound",NA,NA,"Clematis_vitalba",10,NA,14.265
"516","Rosales","Moraceae","Ficus","insipida",21,218.76,44.32,10,25,3,8,NA,NA,4,10,"simple",NA,NA,"Ficus_insipida",10,17.5,NA
"517","Rosales","Moraceae","Pseudolmedia","glabrata",17,109.67,31.44,6,22,NA,NA,NA,NA,2,11,"simple",NA,NA,"Pseudolmedia_glabrata",11,14,NA
"518","Rosales","Rhamnaceae","Alphitonia","neocaledonica",5.37,76.43,12.14,NA,NA,1,3,NA,NA,NA,NA,"simple",9.94,4.17,"Alphitonia_neocaledonica",NA,NA,NA
"519","Rosales","Rhamnaceae","Ceanothus","cordulatus",2.08,19,8.86,NA,NA,0.2,0.8,1,3,0.6,1.8,"simple",NA,NA,"Ceanothus_cordulatus",1.8,NA,2.5
"520","Rosales","Rhamnaceae","Ceanothus","cuneatus",4.37,29.11,7.92,NA,NA,0.1,0.3,0.4,2.2,0.3,1.2,"simple",NA,NA,"Ceanothus_cuneatus",1.2,NA,1.5
"521","Rosales","Rhamnaceae","Ceanothus","leucodermis",1.42,24.9,10.92,NA,NA,0.3,0.7,0.5,3,0.3,1.5,"simple",NA,NA,"Ceanothus_leucodermis",1.5,NA,2.25
"522","Rosales","Rhamnaceae","Ceanothus","spinosus",7.08,32.27,10.45,NA,NA,0.4,0.7,1.1,3.5,0.8,2.9,"simple",NA,NA,"Ceanothus_spinosus",2.9,NA,2.85
"523","Rosales","Rhamnaceae","Colubrina","viridis",3.38,42.68,9.23,NA,NA,0.1,1.6,0.6,4.2,0.3,2,"simple",NA,NA,"Colubrina_viridis",2,NA,3.25
"524","Rosales","Rhamnaceae","Frangula","californica",2.06,30.89,10.51,NA,NA,0.3,1,NA,NA,NA,NA,"simple",5.72,2.77,"Frangula_californica",NA,NA,NA
"525","Rosales","Rhamnaceae","Ochetophila","nana",1.65,32.9,8.01,NA,NA,NA,NA,NA,NA,NA,NA,"simple",0.76,0.24,"Ochetophila_nana",NA,NA,NA
"526","Rosales","Rhamnaceae","Pomaderris","ledifolia",2.9,40.04,12.43,NA,NA,0.1,0.25,0.2,1,0.15,0.3,"simple",NA,NA,"Pomaderris_ledifolia",0.3,NA,0.775
"527","Rosales","Rhamnaceae","Rhamnus","alpina",2.49,30.17,11.28,NA,NA,1,1.5,2,13,1.5,6.5,"simple",NA,NA,"Rhamnus_alpina",6.5,NA,8.75
"528","Rosales","Rhamnaceae","Ziziphus","joazeiro",9.7,84.44,14.06,5,10,0,0.7,NA,NA,3,6,"simple",NA,NA,"Ziziphus_joazeiro",6,7.5,NA
"529","Rosales","Rhamnaceae","Ziziphus","parryi",3.41,51.75,14.77,NA,NA,0.1,0.3,NA,NA,NA,NA,"simple",1.94,0.85,"Ziziphus_parryi",NA,NA,NA
"530","Rosales","Rosaceae","Adenostoma","fasciculatum",2.34,19.74,8.45,0.3,1,NA,NA,NA,NA,0.06,0.1,"simple",NA,NA,"Adenostoma_fasciculatum",0.1,0.65,NA
"531","Rosales","Rosaceae","Amelanchier","ovalis",1.31,21.15,10.9,NA,NA,0.5,1.6,1.3,4.6,1,3,"simple",NA,NA,"Amelanchier_ovalis",3,NA,4
"532","Rosales","Rosaceae","Cercocarpus","montanus_var_glaber",2.62,29.22,10.31,NA,NA,0.19,0.9,1.2,5,0.8,3.5,"simple",NA,NA,"Cercocarpus_montanus_var_glaber",3.5,NA,3.645
"533","Rosales","Rosaceae","Crataegus","monogyna",5.1,28.65,8.91,NA,NA,0.1,3,1,3,0.8,3.2,"simple",NA,NA,"Crataegus_monogyna",3.2,NA,3.55
"535","Rosales","Rosaceae","Heteromeles","arbutifolia",5.36,28.22,11.47,NA,NA,1,2,NA,NA,NA,NA,"simple",10.01,3,"Heteromeles_arbutifolia",NA,NA,NA
"536","Rosales","Rosaceae","Holodiscus","dumosus",1.9,25.48,10.7,1,4,0,0.6,NA,NA,0.5,2,"simple",NA,NA,"Holodiscus_dumosus",2,2.5,NA
"537","Rosales","Rosaceae","Polylepis","besseri",5.3,54.08,12.82,1.8,7.9,1.31,1.95,NA,NA,1.4,4.9,"compound",NA,NA,"Polylepis_besseri",4.9,4.85,NA
"538","Rosales","Rosaceae","Polylepis","tarapacana",3.79,32.81,5.21,1.9,2.4,0.6,1.33,NA,NA,0.8,3.9,"compound",NA,NA,"Polylepis_tarapacana",3.9,2.15,NA
"539","Rosales","Rosaceae","Prunus","avium",8.9,47.65,12.67,NA,NA,2,4,7,14,4,8.5,"simple",NA,NA,"Prunus_avium",8.5,NA,13.5
"540","Rosales","Rosaceae","Prunus","fasciculata",1.97,21.41,10.27,0.5,2,NA,NA,NA,NA,0.1,0.2,"simple",NA,NA,"Prunus_fasciculata",0.2,1.25,NA
"541","Rosales","Rosaceae","Prunus","serotina",28.93,60.83,10.9,NA,NA,0.4,2.2,2.5,9,1.5,5,"simple",NA,NA,"Prunus_serotina",5,NA,7.05
"542","Rosales","Rosaceae","Rosa","californica",2.03,26.31,9.81,4,14,1.3,3.04,NA,NA,2,5.5,"compound",NA,NA,"Rosa_californica",5.5,9,NA
"543","Rosales","Rosaceae","Rosa","canina",1.92,31.06,14.23,6,11,1.51,2.78,NA,NA,2,5.1,"compound",NA,NA,"Rosa_canina",5.1,8.5,NA
"544","Rosales","Rosaceae","Rosa","glauca",1.98,28.77,18.16,6,10.5,NA,NA,NA,NA,6,13,"compound",NA,NA,"Rosa_glauca",13,8.25,NA
"545","Rosales","Rosaceae","Rosa","pendulina",0.5,23.48,10.78,5.08,15.24,2,5.3,3.4,11.5,4,7.3,"compound",NA,NA,"Rosa_pendulina",7.3,10.16,11.1
"546","Rosales","Rosaceae","Rubus","fruticosus",3.75,55.07,19.93,6.7,12.8,1.6,4.8,2.2,6.2,3.4,8.2,"compound",NA,NA,"Rubus_fruticosus",8.2,9.75,7.4
"547","Rosales","Rosaceae","Rubus","idaeus",0.7,35.23,13.77,7,12.6,3,6,5.7,10.6,8,18,"compound",NA,NA,"Rubus_idaeus",18,9.8,12.65
"548","Rosales","Rosaceae","Sorbus","aria",7.5,40.9,7.76,5.08,20.32,1.27,2.54,6.5,7.2,3.4,5.5,"simple",NA,NA,"Sorbus_aria",5.5,12.7,8.755
"549","Rosales","Rosaceae","Sorbus","aucuparia",4.1,32.57,11.98,12.7,22.86,2.3,2.6,9.7,12.6,5.08,12.7,"compound",NA,NA,"Sorbus_aucuparia",12.7,17.78,13.6
"550","Rosales","Rosaceae","Sorbus","chamaemespilus",4.07,39.49,10.68,3.175,9,0.2,0.6,NA,NA,1.5875,5,"simple",NA,NA,"Sorbus_chamaemespilus",5,6.0875,NA
"551","Rosales","Rosaceae","Spiraea","tomentosa",1.12,16.54,10.21,NA,NA,0.2,0.3,3,6,1,2.5,"simple",NA,NA,"Spiraea_tomentosa",2.5,NA,4.75
"552","Rosales","Ulmaceae","Celtis","iguanaea",22.26,138.22,28.19,3,13,0.5,1,NA,NA,1.5,6,"simple",NA,NA,"Celtis_iguanaea",6,8,NA
"553","Rosales","Ulmaceae","Ulmus","glabra",16.5,75.91,14.43,NA,NA,0.2,0.7,7,14,4.5,8,"simple",NA,NA,"Ulmus_glabra",8,NA,10.95
"554","Rosales","Ulmaceae","Ulmus","mexicana",27.5,95,17.36,4,16,0.4,1,NA,NA,2,7,"simple",NA,NA,"Ulmus_mexicana",7,10,NA
"555","Rosales","Urticaceae","Cecropia","obtusifolia",22.4,189.15,45.58,NA,NA,20,80,30,90,30,90,"simple",NA,NA,"Cecropia_obtusifolia",90,NA,110
"556","Rosales","Urticaceae","Dendrocnide","excelsa",22,198.72,44.81,15,40,5,15,NA,NA,7,20,"simple",NA,NA,"Dendrocnide_excelsa",20,27.5,NA
"557","Rosales","Urticaceae","Myriocarpa","longipes",7.42,83.94,41.79,22,78.2,4,18.5,NA,NA,9,27.2,"simple",NA,NA,"Myriocarpa_longipes",27.2,50.1,NA
"558","Rosales","Zygophyllaceae","Krameria","lappacea",0.6,26.89,12.47,0.6,1.5,NA,NA,0.6,1.5,0.2,0.6,"simple",NA,NA,"Krameria_lappacea",0.6,1.05,NA
"559","Sabiales","Sabiaceae","Meliosma","dentata",7.8,78.45,21.01,4,19,0.3,1.4,NA,NA,1.6,6.3,"simple",NA,NA,"Meliosma_dentata",6.3,11.5,NA
"560","Sabiales","Sabiaceae","Meliosma","occidentalis",26.67,121,37.58,6,26,1,3.5,NA,NA,2.5,10.5,"simple",NA,NA,"Meliosma_occidentalis",10.5,16,NA
"561","Santalales","Loranthaceae","Amyema","pendula",1.02,30.34,16.18,10,44,1,4,NA,NA,0.3,2,"simple",NA,NA,"Amyema_pendula",2,27,NA
"562","Santalales","Loranthaceae","Atkinsonia","ligustrina",1.57,50.67,15.71,2,5,0,0.2,NA,NA,0.6,1.4,"simple",NA,NA,"Atkinsonia_ligustrina",1.4,3.5,NA
"563","Santalales","Loranthaceae","Nuytsia","floribunda",7.53,87.54,16.17,2.5,10,NA,NA,NA,NA,0.3,0.6,"simple",NA,NA,"Nuytsia_floribunda",0.6,6.25,NA
"564","Santalales","Olacaceae","Ximenia","americana",5.09,56.58,14.26,3,11,0.5,0.7,NA,NA,2,4.5,"simple",NA,NA,"Ximenia_americana",4.5,7,NA
"565","Santalales","Opiliaceae","Agonandra","racemosa",2.74,53.19,29.9,NA,NA,0.4,0.9,4,7.5,1,4.5,"simple",NA,NA,"Agonandra_racemosa",4.5,NA,6.4
"567","Santalales","Santalaceae","Exocarpos","neocaledonicus",1.62,34.48,14.52,3.4,5,NA,NA,3.4,5,5.75,8.46,"simple",NA,NA,"Exocarpos_neocaledonicus",8.46,4.2,NA
"568","Santalales","Santalaceae","Myoschilos","oblongum",0.74,23.65,9.67,1,3,0.03,0.1,1,1.7,0.4,2,"simple",NA,NA,"Myoschilos_oblongum",2,2,1.415
"569","Santalales","Santalaceae","Phoradendron","villosum",0.68,26,13.82,NA,NA,NA,NA,13,45,9,22,"simple",NA,NA,"Phoradendron_villosum",22,NA,NA
"570","Sapindales","Anacardiaceae","Cyrtocarpa","edulis",5.18,83.45,15.84,6.8,9.9,1.3,3.3,4.1,7.7,2.8,5.5,"compound",NA,NA,"Cyrtocarpa_edulis",5.5,8.35,8.2
"571","Sapindales","Anacardiaceae","Lithraea","molleoides",5.44,52.99,12.18,NA,NA,1.5,3.5,NA,NA,6,14,"compound",NA,NA,"Lithraea_molleoides",14,NA,NA
"572","Sapindales","Anacardiaceae","Malosma","laurina",6.73,59.15,17.39,7,10,1,3,NA,NA,NA,NA,"simple",NA,NA,"Malosma_laurina",NA,8.5,NA
"573","Sapindales","Anacardiaceae","Myracrodruon","urundeuva",8.93,93.93,13.45,10,30,2,6,8,24,8.4,16.8,"compound",NA,NA,"Myracrodruon_urundeuva",16.8,20,20
"574","Sapindales","Anacardiaceae","Rhus","ovata",1.96,43.27,12.04,5.08,7.62,0.84668,1.69336,NA,NA,NA,NA,"simple",NA,NA,"Rhus_ovata",NA,6.35,NA
"575","Sapindales","Anacardiaceae","Schinopsis","brasiliensis",12.07,86.22,14.75,5,15,1,3,2,14,2,4,"compound",NA,NA,"Schinopsis_brasiliensis",4,10,10
"576","Sapindales","Anacardiaceae","Spondias","tuberosa",6.87,112.11,20.06,6,17,1.7,5,NA,NA,4,13.8,"compound",NA,NA,"Spondias_tuberosa",13.8,11.5,NA
"577","Sapindales","Burseraceae","Bursera","cerasifolia",5.22,75.81,13.52,4,6,NA,NA,NA,NA,1,2,"simple",NA,NA,"Bursera_cerasifolia",2,5,NA
"578","Sapindales","Burseraceae","Bursera","fagaroides",2.9,77.76,12.73,NA,NA,0.5,2,0.8,3,1,4,"compound",NA,NA,"Bursera_fagaroides",4,NA,3.15
"579","Sapindales","Burseraceae","Bursera","filicifolia",5.22,83.98,17.52,2,4,NA,NA,NA,NA,1,2,"compound",NA,NA,"Bursera_filicifolia",2,3,NA
"580","Sapindales","Burseraceae","Bursera","microphylla",4.6,82.72,11.44,0.9,2.5,0.2,0.6,0.2,0.4,0.3,0.8,"compound",NA,NA,"Bursera_microphylla",0.8,1.7,0.7
"581","Sapindales","Burseraceae","Commiphora","leptophloeos ",6.13,105.91,19.93,2.9,8.2,1.4,7.5,3.3,6,2,3.2,"compound",NA,NA,"Commiphora_leptophloeos ",3.2,5.55,9.1
"582","Sapindales","Rutaceae","Boronia","pinnata",1.64,21.88,11.84,1.7,7.5,0.6,1.4,0.5,2.5,1,5,"compound",NA,NA,"Boronia_pinnata",5,4.6,2.5
"583","Sapindales","Rutaceae","Brombya","platynema",8.49,60.66,19.87,NA,NA,NA,NA,8,21,4,8.2,"simple",NA,NA,"Brombya_platynema",8.2,NA,NA
"584","Sapindales","Rutaceae","Zanthoxylum","caribaeum",14.11,109.15,24.55,15,27,NA,NA,NA,NA,8,25,"compound",NA,NA,"Zanthoxylum_caribaeum",25,21,NA
"585","Sapindales","Rutaceae","Zanthoxylum","rhoifolium",4.32,47.06,22.98,7.5,46,NA,NA,NA,NA,4,19,"compound",NA,NA,"Zanthoxylum_rhoifolium",19,26.75,NA
"586","Sapindales","Sapindaceae","Acer","campestre",10,41.89,11.75,NA,NA,1.625,4.877,3.397,7.281,3.949,8.42,"simple",NA,NA,"Acer_campestre",8.42,NA,8.59
"587","Sapindales","Sapindaceae","Acer","pensylvanicum",2.62,35.54,12.62,NA,NA,2.67,5.91,6.76,14,4.14,12.32,"simple",NA,NA,"Acer_pensylvanicum",12.32,NA,14.67
"588","Sapindales","Sapindaceae","Acer","pseudoplatanus",5.03,56.68,19.21,NA,NA,3.369,7.478,6.76,9.473,6.795,12.33,"simple",NA,NA,"Acer_pseudoplatanus",12.33,NA,13.54
"589","Sapindales","Sapindaceae","Acer","rubrum",20.38,53.35,12.11,NA,NA,6.84,10.75,1.9,6.3,6.1,12.83,"simple",NA,NA,"Acer_rubrum",12.83,NA,12.895
"590","Sapindales","Sapindaceae","Cardiospermum","grandiflorum",17.07,121.69,29.27,NA,NA,1.7,7.1,5.53,11.6,6.24,13.5,"compound",NA,NA,"Cardiospermum_grandiflorum",13.5,NA,12.965
"591","Sapindales","Sapindaceae","Cardiospermum","halicababum",12.48,51.56,16.93,NA,NA,0.4,6,5,10,5,12,"compound",NA,NA,"Cardiospermum_halicababum",12,NA,10.7
"592","Sapindales","Sapindaceae","Distichostemon","hispidulus",0.2,23.33,15.26,NA,NA,0.2,1.4,1.5,9,0.8,3.4,"simple",NA,NA,"Distichostemon_hispidulus",3.4,NA,6.05
"593","Sapindales","Sapindaceae","Paullinia","sessiliflora",13.61,82.53,23.9,NA,NA,3.04,8.9,9.05,16.6,8.7,23.5,"compound",NA,NA,"Paullinia_sessiliflora",23.5,NA,18.795
"594","Sapindales","Sapindaceae","Thouinidium","decandrum",16.05,84.62,22.42,NA,NA,2.3,3.7,10.1,22.5,11.15,17.7,"compound",NA,NA,"Thouinidium_decandrum",17.7,NA,19.3
"595","Sapindales","Simaroubaceae","Castela","peninsularis",1.72,42.81,9.43,NA,NA,0.1,0.4,1.27,1.54,0.8,1.4,"simple",NA,NA,"Castela_peninsularis",1.4,NA,1.655
"596","Saxifragales","Altingiaceae","Liquidambar","styraciflua",23.83,56.86,20.94,NA,NA,0.6,1,7,19,4.4,16,"simple",NA,NA,"Liquidambar_styraciflua",16,NA,13.8
"597","Saxifragales","Aphanopetalaceae","Aphanopetalum","resinosum",1.77,32.17,12.24,4,8,0.2,0.5,NA,NA,1.5,3,"simple",NA,NA,"Aphanopetalum_resinosum",3,6,NA
"598","Saxifragales","Grossulariaceae","Ribes","cucullatum",0.84,24.6,9.56,2,3.7,0.4,1.4,1,1.8,1,1.8,"simple",NA,NA,"Ribes_cucullatum",1.8,2.85,2.3
"599","Saxifragales","Grossulariaceae","Ribes","magellanicum",1.5,28.13,12.03,2,6,0.7,1.1,1.4,2.1,1.9,2.8,"simple",NA,NA,"Ribes_magellanicum",2.8,4,2.65
"600","Saxifragales","Haloragaceae","Gonocarpus","teucrioides",0.79,14.66,7.97,0.5,1.5,0.1,0.2,0.7,1.5,0.5,1,"simple",NA,NA,"Gonocarpus_teucrioides",1,1,1.25
"601","Saxifragales","Hamamelidaceae","Hamamelis","virginiana",6.72,31.79,11.39,9.7,31.7,6,15,3.7,16.7,2.5,13,"simple",NA,NA,"Hamamelis_virginiana",13,20.7,20.7
"602","Saxifragales","Hamamelidaceae","Noahdendron","nicholasii",13.06,47.59,24.36,NA,NA,0.8,1.5,NA,30,NA,NA,"simple",NA,10,"Noahdendron_nicholasii",NA,NA,NA
"603","Saxifragales","Tetracarpaeaceae","Tetracarpaea","tasmannica",0.48,14.1,6.88,0.9,3.2,0,0.2,NA,NA,0.4,1.2,"simple",NA,NA,"Tetracarpaea_tasmannica",1.2,2.05,NA
"604","Solanales","Convolvulaceae","Convolvulus","nodiflorus",1,38.47,19.43,3,9,NA,NA,NA,NA,2,5,"simple",NA,NA,"Convolvulus_nodiflorus",5,6,NA
"605","Solanales","Convolvulaceae","Decalobanthus","peltatus",55,303.71,37.2,10.5,49,3,24,7.5,25,7,20,"simple",29.75,13.5,"Decalobanthus_peltatus",20,29.75,29.75
"606","Solanales","Convolvulaceae","Ipomoea","bracteata",10.1,156.47,27.92,NA,NA,0,4,1.5,9.5,1.2,7,"simple",NA,NA,"Ipomoea_bracteata",7,NA,7.5
"607","Solanales","Convolvulaceae","Ipomoea","indica",7.25,163.88,35.81,4.5,23,1.5,6,3,17,3,16,"simple",13.75,9.5,"Ipomoea_indica",16,13.75,13.75
"608","Solanales","Convolvulaceae","Ipomoea","pes_caprae",11.64,142.21,15.43,5,27,2,17,3,10,3,10.5,"simple",16,6.75,"Ipomoea_pes_caprae",10.5,16,16
"609","Solanales","Convolvulaceae","Ipomoea","wolcottiana",14.2,144.2,48.52,3.2,11.5,1.7,7.16,NA,NA,2.2,7,"simple",NA,NA,"Ipomoea_wolcottiana",7,7.35,NA
"610","Solanales","Solanaceae","Athenaea","pogogena",1.58,35.29,13.12,NA,NA,1.61,4.23,NA,NA,NA,NA,"simple",11.86,4.29,"Athenaea_pogogena",NA,NA,NA
"611","Solanales","Solanaceae","Solanum","hindsianum",1.89,28.27,12.4,2,9,0,2.5,2,6.5,0.5,4.5,"simple",5.5,2.5,"Solanum_hindsianum",4.5,5.5,5.5
"612","Vitales","Vitaceae","Cissus","gossypiifolia",38.7,234,54.45,6.5,23,1.5,9.5,5,13.5,2.5,13,"simple",14.75,7.75,"Cissus_gossypiifolia",13,14.75,14.75
"613","Vitales","Vitaceae","Cissus","hypoglauca",18.77,154.56,32.26,NA,NA,1.6,4,3.5,14,7,28,"compound",NA,NA,"Cissus_hypoglauca",28,NA,11.55
"614","Vitales","Vitaceae","Cissus","verticillata",23.87,253.03,45.27,3.5,21.5,1,6.5,2.5,15,1.7,12.5,"simple",12.5,7.1,"Cissus_verticillata",12.5,12.5,12.5
"615","Vitales","Vitaceae","Leea","indica",1.68,48.04,32.15,14,30,2.91,14.1,NA,NA,16,74,"compound",NA,NA,"Leea_indica",74,22,NA
"616","Zingiberales","Costaceae","Costus","scaber",1.13,75.92,43.09,10,32,NA,NA,10,32,3,11,"simple",21,7,"Costus_scaber",11,21,NA
"617","Zingiberales","Strelitziaceae","Strelitzia","nicolai",5.06,112.73,62.91,NA,304.8,NA,182.88,91.44,121.92,45.72,60.96,"simple",NA,53.34,"Strelitzia_nicolai",60.96,NA,NA
"618","Zygophyllales","Zygophyllaceae","Guaiacum","coulteri",7.4,49.99,16.39,2.1,6.7,0.1,0.5,2,6.2,2.2,4.6,"compound",4.4,3.4,"Guaiacum_coulteri",4.6,4.4,4.4
"619","Zygophyllales","Zygophyllaceae","Guaiacum","unijugum",2.09,50.62,17.05,0.6,1.5,0.3,0.5,0.3,1,0.6,1.3,"compound",1.05,0.95,"Guaiacum_unijugum",1.3,1.05,1.05
"620","Zygophyllales","Zygophyllaceae","Larrea","tridentata",3.38,39.63,17.67,0.1,1.05,0,0.2,0.1,0.85,0.4,1.8,"compound",0.57,1.1,"Larrea_tridentata",1.8,0.575,0.575
"621","Zygophyllales","Zygophyllaceae","Tribulus","terrestris",1.5,48.14,20.75,1.5,5,NA,NA,1.5,5,1,1,"compound",3.25,1,"Tribulus_terrestris",1,3.25,NA
