,order,family,genus,species.epithet,stem.length.m,VD.base.um,VD.tip.um,min.length.leaf,max.length.leaf,min.length.petiole,max.length.petiole,min.length.blade,max.length.blade,leaf.type,length.leaf.cm,species,long.hoja,long.hoja.mean,long.lam.pet.mean,Nota
1,Alismatales,Araceae,Anthurium,scandens,1.04,23.69,15.11,NA,NA,2,8.5,3.5,13,simple,NA,Anthurium_scandens,NA,NA,13.5,
2,Alismatales,Araceae,Dieffenbachia,seguine,0.78,66.17,28.65,NA,NA,1,16,5,15,simple,NA,Dieffenbachia_seguine,NA,NA,18.5,
3,Apiales,Araliaceae,Aralia,excelsa,14.23,126.92,51.5,NA,NA,NA,NA,NA,NA,compound,200,Aralia_excelsa,200,NA,NA,
4,Apiales,Araliaceae,Dendropanax,arboreus,11.61,77.86,28.67,NA,NA,NA,40,6,26,simple,56,Dendropanax_arboreus,56,NA,NA,
5,Apiales,Araliaceae,Hedera,helix,10.5,44.53,14.19,4.165,12.17,1.718,8.162,2.447,5.03,simple,7.84,Hedera_helix,7.84,8.1675,8.6785,
6,Apiales,Araliaceae,Polyscias,murrayi,25.33,92.48,30.89,NA,NA,NA,NA,NA,NA,compound,130,Polyscias_murrayi,130,NA,NA,
7,Apiales,Pennantiaceae,Pennantia,cunninghamii,7.57,50.11,20.06,10,16,NA,NA,NA,NA,simple,NA,Pennantia_cunninghamii,NA,13,NA,
8,Apiales,Pittosporaceae,Billardiera,scandens,3.28,34.51,12.06,1.711,3.934,0.214,0.458,1.539,3.476,simple,2.552,Billardiera_scandens,2.552,2.8225,2.8435,
9,Apiales,Pittosporaceae,Citriobatus,pauciflorus,1.27,36.13,23.66,0.531,1.642,0.102,0.311,0.965,1.412,simple,1.2452,Citriobatus_pauciflorus,1.2452,1.0865,1.395,
10,Apiales,Pittosporaceae,Pittosporum,undulatum,11.12,46.96,17.81,7.903,13.991,1.085,2.381,6.818,11.61,simple,11.3062,Pittosporum_undulatum,11.3062,10.947,10.947,
11,Aquifoliales,Aquifoliaceae,Ilex,aquifolium,5.73,32.08,10.31,4.147,11.24,0.567,1.285,3.58,10.051,simple,7.8406,Ilex_aquifolium,7.8406,7.6935,7.7415,
12,Aquifoliales,Aquifoliaceae,Ilex,sebertii,6.26,55.51,12.13,5.749,10.575,1.002,2.161,4.535,8.414,simple,7.4934,Ilex_sebertii,7.4934,8.162,8.056,
13,Aquifoliales,Aquifoliaceae,Ilex,verticillata,5.07,30.76,10.36,NA,NA,0.5,1,2,8,simple,NA,Ilex_verticillata,NA,NA,5.75,
14,Aquifoliales,Cardiopteridaceae,Citronella,smythii,5.62,65.93,22.79,11.345,15.94,1.071,1.296,10.116,14.869,simple,14.138,Citronella_smythii,14.138,13.6425,13.676,
15,Aquifoliales,Stemonuraceae,Gomphandra,australiana,14.07,101.53,26.24,NA,NA,0.7,1.5,6,17,simple,NA,Gomphandra_australiana,NA,NA,12.6,
16,Arecales,Arecaceae,Astrocaryum,mexicanum,3.54,67.99,54.3,100,160,NA,NA,40,100,compound,NA,Astrocaryum_mexicanum,NA,130,NA,
17,Arecales,Arecaceae,Bactris,trichophylla,1.93,74.56,65.01,NA,NA,NA,NA,NA,NA,compound,150,Bactris_trichophylla,150,NA,NA,
18,Arecales,Arecaceae,Calamus,radicalis,31.5,272.49,130.37,NA,NA,NA,NA,NA,NA,compound,300,Calamus_radicalis,300,NA,NA,
19,Arecales,Arecaceae,Livistona,australis,6.67,92.8,38.27,NA,NA,140,250,110,130,simple,NA,Livistona_australis,NA,NA,315,
20,Arecales,Arecaceae,Reinhardtia,gracilis,1.1,41.39,33.95,12,30,,,,,compound,NA,Reinhardtia_gracilis,NA,21,,
21,Arecales,Arecaceae,Washingtonia,robusta,11.3,77.23,65.82,NA,NA,81,154,93,113,simple,NA,Washingtonia_robusta,NA,NA,220.5,
22,Asparagales,Asparagaceae,Eustrephus,latifolius,4.12,52.93,31.54,NA,NA,0.1,0.3,4,10.5,simple,9.5,Eustrephus_latifolius,9.5,NA,7.45,
23,Asterales,Alseuosmiaceae,Crispiloba,disperma,4.49,33.62,17.21,9.764,11.517,0.518,1.371,9.246,10.774,simple,10.808,Crispiloba_disperma,10.808,10.6405,10.9545,
24,Asterales,Alseuosmiaceae,Platyspermation,crassifolium,2.6,30.94,17.56,4.961,7.756,0.779,0.872,4.089,6.977,simple,6.407333,Platyspermation_crassifolium,6.407333,6.3585,6.3585,
25,Asterales,Argophyllaceae,Argophyllum,cryptophlebum,0.97,27.32,19,NA,NA,1.3,3.8,4.1,13.1,simple,11.15,Argophyllum_cryptophlebum,11.15,NA,11.15,
26,Asterales,Argophyllaceae,Argophyllum,grunowii,2.2,30.38,18.6,6.724,14.732,1.614,3.714,5.11,11.018,simple,10.522,Argophyllum_grunowii,10.522,10.728,10.728,
27,Asterales,Argophyllaceae,Argophyllum,nitidum,5,88.99,9.82,6.033,13.058,1.094,2.517,4.939,10.541,simple,10.7294,Argophyllum_nitidum,10.7294,9.5455,9.5455,
28,Asterales,Argophyllaceae,Argophyllum,vernicosum,1.82,44.56,11.95,8.102,26.838,1.594,8.097,6.508,18.741,simple,15.8414,Argophyllum_vernicosum,15.8414,17.47,17.47,
29,Asterales,Asteraceae,Ambrosia,artemisiifolia,0.9,24.84,15.13,NA,NA,2.5,3.5,2.5,5.5,simple,NA,Ambrosia_artemisiifolia,NA,NA,7,
30,Asterales,Asteraceae,Artemisia,californica,1.1,24.44,11.3,NA,NA,NA,NA,3,5,simple,4,Artemisia_californica,4,NA,NA,Sésil
31,Asterales,Asteraceae,Baccharis,reticulata,0.64,27.64,11.82,NA,NA,NA,NA,NA,NA,simple,1,Baccharis_reticulata,1,NA,NA,
32,Asterales,Asteraceae,Brickellia,californica,1.72,41.3,17.67,NA,NA,0.5,6,1,10,simple,NA,Brickellia_californica,NA,NA,8.75,
33,Asterales,Asteraceae,Cassinia,denticulata,1.29,23.06,14.66,0.676,1.725,NA,NA,0.676,1.725,simple,1.458,Cassinia_denticulata,1.458,1.2005,NA,
34,Asterales,Asteraceae,Chiliotrichum,diffusum,0.84,17.13,8.52,1.18,1.858,NA,NA,1.18,1.858,simple,1.532,Chiliotrichum_diffusum,1.532,1.519,NA,
35,Asterales,Asteraceae,Delairea,odorata,2.11,68.44,23.01,7,8,NA,NA,3,8,simple,NA,Delairea_odorata,NA,7.5,NA,
36,Asterales,Asteraceae,Encelia,virginensis_var_actonii,0.59,40.95,16.54,NA,NA,0.6,1.2,2.5,4,simple,NA,Encelia_virginensis_var_actonii,NA,NA,4.15,
37,Asterales,Asteraceae,Ericameria,arborescens,0.77,28.28,10.05,2.5,9,NA,NA,2.5,9,simple,NA,Ericameria_arborescens,NA,5.75,NA,
38,Asterales,Asteraceae,Ericameria,martirensis,0.32,25.13,9.09,0.6,1,NA,NA,NA,NA,simple,NA,Ericameria_martirensis,NA,0.8,NA,
39,Asterales,Asteraceae,Ericameria,pinifolia,0.38,30.92,9.72,NA,NA,NA,NA,1.2,3.5,simple,2.35,Ericameria_pinifolia,2.35,NA,NA,Sésil
40,Asterales,Asteraceae,Gochnatia,polymorpha,8.8,62.6,10.43,8,12,NA,NA,NA,NA,simple,NA,Gochnatia_polymorpha,NA,10,NA,
41,Asterales,Asteraceae,Gynoxys,cuicochensis,1.17,18.92,13.08,NA,10,NA,NA,NA,NA,simple,10,Gynoxys_cuicochensis,10,NA,NA,
42,Asterales,Asteraceae,Hazardia,squarrosa,0.64,19.76,11.34,NA,NA,NA,NA,1.3,3.5,simple,2.4,Hazardia_squarrosa,2.4,NA,NA,Sésil
43,Asterales,Asteraceae,Hieracium,hieronymi,0.65,31.67,14.13,4.7,12.25,NA,NA,NA,NA,simple,NA,Hieracium_hieronymi,NA,8.475,NA,
44,Asterales,Asteraceae,Malacothrix,saxatilis,1.13,24.8,16.18,2,12,NA,NA,NA,NA,simple,NA,Malacothrix_saxatilis,NA,7,NA,
45,Asterales,Asteraceae,Ozothamnus,hookeri,0.47,15.98,4.08,0.1,0.3,NA,NA,NA,NA,simple,NA,Ozothamnus_hookeri,NA,0.2,NA,
46,Asterales,Asteraceae,Ozothamnus,ledifolius,0.27,18.84,3.63,0.6,1.4,NA,NA,NA,NA,simple,NA,Ozothamnus_ledifolius,NA,1,NA,
47,Asterales,Asteraceae,Ozothamnus,rodwayi,0.61,27.19,13.95,0.4,1,0,0.15,NA,NA,simple,NA,Ozothamnus_rodwayi,NA,0.7,NA,
48,Asterales,Asteraceae,Piptocarpha,rotundifolia,4.27,87.08,13.64,3.5,6,1,1.5,NA,NA,simple,NA,Piptocarpha_rotundifolia,NA,4.75,NA,
49,Asterales,Asteraceae,Senecio,sericeo_nitens,0.86,31.22,10.62,NA,3,NA,NA,NA,NA,simple,3,Senecio_sericeo_nitens,3,NA,NA,Sésil
50,Asterales,Asteraceae,Solidago,rugosa,1.22,14.52,9.83,NA,NA,NA,NA,4,10.4,simple,7.2,Solidago_rugosa,7.2,NA,NA,Sésil
51,Asterales,Asteraceae,Verbesina,lottiana,5.12,36.92,14.11,NA,17.4,NA,NA,NA,NA,simple,17.4,Verbesina_lottiana,17.4,NA,NA,
52,Asterales,Asteraceae,Vernonanthura,phosphorica,3.13,49.63,14.35,NA,12,0.5,0.7,NA,NA,simple,12,Vernonanthura_phosphorica,12,NA,NA,
53,Asterales,Goodeniaceae,Scaevola,beckii,3.15,90.96,16.6,12.4,13.6,NA,NA,NA,NA,simple,NA,Scaevola_beckii,NA,13,NA,
54,Asterales,Phellinaceae,Phelline,comosa,2.8,47.23,19.78,23.2,36.1,NA,NA,NA,NA,simple,NA,Phelline_comosa,NA,29.65,NA,
55,Asterales,Rousseaceae,Abrophyllum,ornans,3.1,63.23,32.1,10,20,2,4,0,0,simple,15,Abrophyllum_ornans,15,15,3,
56,Asterales,Rousseaceae,Carpodetus,serratus,6.88,54.69,16.82,4,6,NA,1,NA,NA,simple,NA,Carpodetus_serratus,NA,5,NA,
57,Asterales,Stylidiaceae,Stylidium,laricifolium,1.37,15.2,11.52,1,4,NA,NA,NA,NA,simple,NA,Stylidium_laricifolium,NA,2.5,NA,
58,Austrobaileyales,Austrobaileyaceae,Austrobaileya,scandens,21.16,136.84,51.12,NA,NA,1.5,3,10,16,simple,NA,Austrobaileya_scandens,NA,NA,15.25,
59,Austrobaileyales,Schisandraceae,Illicium,mexicanum,8.1,38.57,18.01,NA,NA,0.6,2.6,5,21,simple,NA,Illicium_mexicanum,NA,NA,14.6,
60,Austrobaileyales,Trimeniaceae,Trimenia,moorei,16.93,90.96,15.75,5,10,0.6,1.5,NA,NA,simple,NA,Trimenia_moorei,NA,7.5,NA,
61,Austrobaileyales,Trimeniaceae,Trimenia,neocaledonica,4.41,78.1,28.91,6,14,0.6,1.4,NA,NA,simple,NA,Trimenia_neocaledonica,NA,10,NA,
62,Berberidopsidales,Aextoxicaceae,Aextoxicon,punctatum,11.6,40.18,7.39,3.5,9,NA,NA,NA,NA,simple,NA,Aextoxicon_punctatum,NA,6.25,NA,
63,Berberidopsidales,Berberidopsidaceae,Berberidopsis,beckleri,8.73,72.59,15.38,NA,NA,NA,2,3,6,simple,6.5,Berberidopsis_beckleri,6.5,NA,NA,
64,Berberidopsidales,Berberidopsidaceae,Streptothamnus,moorei,13.45,153.44,14.69,NA,NA,2,3,6,12,simple,NA,Streptothamnus_moorei,NA,NA,11.5,
65,Boraginales,Boraginaceae,Bourreria,sonorae,1.82,27.07,11.21,2.7,3.8,0.25,0.32,NA,NA,simple,NA,Bourreria_sonorae,NA,3.25,NA,
66,Boraginales,Boraginaceae,Cordia,curassavica,1.09,27.3,9.7,2.1,9.4,0.1,0.8,NA,NA,simple,NA,Cordia_curassavica,NA,5.75,NA,
67,Boraginales,Boraginaceae,Cordia,trichotoma,2.48,26.55,13.33,NA,NA,0.5,2.2,2,19,simple,8.12,Cordia_trichotoma,8.12,NA,11.85,
68,Brassicales,Akaniaceae,Akania,bidwillii,12.87,72.16,27.41,25,39.83,0,3.021,25,36.81,compound,35.23,Akania_bidwillii,35.23,32.415,32.4155,
69,Brassicales,Bataceae,Batis,maritima,1.46,31.25,14.31,0.5,2,0.2,0.3,0.5,2,simple,1.198,Batis_maritima,1.198,1.25,1.5,
70,Brassicales,Caricaceae,Jacaratia,dolichaula,5.77,124.12,36.13,8.863,52,2.923,36.79,5.94,15.023,compound,29.997,Jacaratia_dolichaula,29.997,30.4315,30.338,
71,Brassicales,Caricaceae,Jacaratia,mexicana,13.17,173.47,40.74,19.11,27.628,7.19,12.411,9.916,12.28,simple,NA,Jacaratia_mexicana,NA,23.369,20.8985,
72,Brassicales,Forchhammeriaceae,Forchhammeria,watsonii,4.94,70.81,11.24,5.699,12.084,0.167,0.356,5.255,11.665,simple,NA,Forchhammeria_watsonii,NA,8.8915,8.7215,
73,Brassicales,Gyrostemonaceae,Codonocarpus,cotinifolius,4.3,108.42,24.94,5.629,4.973,0.761,1.461,3.766,4.289,simple,NA,Codonocarpus_cotinifolius,NA,5.301,5.1385,
74,Brassicales,Gyrostemonaceae,Gyrostemon,ramulosus,3.63,91.06,23.02,0.08,8.94,NA,NA,NA,NA,simple,NA,Gyrostemon_ramulosus,NA,4.51,NA,
75,Bruniales,Bruniaceae,Berzelia,lanuginosa,3,24.89,16.17,0.876,0.478,NA,NA,NA,NA,simple,NA,Berzelia_lanuginosa,NA,0.677,NA,
76,Bruniales,Columelliaceae,Desfontainia,spinosa,3.5,26.05,6.76,3.847,6.243,NA,NA,NA,NA,simple,NA,Desfontainia_spinosa,NA,5.045,NA,
77,Buxales,Buxaceae,Buxus,sempervirens,1.42,16.23,7.4,1,3,0.145,0.258,1.498,2.411,simple,NA,Buxus_sempervirens,NA,2,2.156,
78,Canellales,Canellaceae,Canella,winterana,20,238.6,63.28,4.869,9.861,0.725,1.397,4.241,8.464,simple,NA,Canella_winterana,NA,7.365,7.4135,
79,Caryophyllales,Achatocarpaceae,Achatocarpus,gracilis,4.32,35.23,9.87,1.617,7.483,0,0.921,0,3.912,simple,NA,Achatocarpus_gracilis,NA,4.55,2.4165,
80,Caryophyllales,Aizoaceae,Sesuvium,portulacastrum,0.75,23.42,9.96,1.166,3.376,0.325,0.58,1.166,3.376,simple,NA,Sesuvium_portulacastrum,NA,2.271,2.7235,
81,Caryophyllales,Amaranthaceae,Celosia,monosperma,3.74,29.44,22.8,6.649,10.814,0.944,2.648,5.525,8.801,simple,NA,Celosia_monosperma,NA,8.7315,8.959,
82,Caryophyllales,Amaranthaceae,Froelichia,humboldtiana,2.64,19.61,8.58,1.985,3.303,NA,NA,1.984,3.303,simple,NA,Froelichia_humboldtiana,NA,2.644,NA,
83,Caryophyllales,Amaranthaceae,Iresine,arbuscula,14.23,57.11,22.61,27.737,13.886,1.737,3.543,12.24,24.443,simple,NA,Iresine_arbuscula,NA,20.8115,20.9815,
84,Caryophyllales,Basellaceae,Anredera,cordifolia,8.05,114.64,18.79,2.6,10.12,0.6,0.12,2,10,simple,NA,Anredera_cordifolia,NA,6.36,6.36,
85,Caryophyllales,Nyctaginaceae,Guapira,noxia,1.4,64.52,23.83,8.394,14.003,0.911,1.239,4.939,12.813,simple,NA,Guapira_noxia,NA,11.1985,9.951,
86,Caryophyllales,Nyctaginaceae,Guapira,petenensis,6.54,44.81,16.11,9.791,6.946,1.34,2.038,5.802,8.55,simple,NA,Guapira_petenensis,NA,8.3685,8.865,
87,Caryophyllales,Phytolaccaceae,Trichostigma,octandrum,27.6,129.95,29.08,5.483,8.917,1.486,2.765,1.321,8.072,simple,NA,Trichostigma_octandrum,NA,7.2,6.822,
88,Caryophyllales,Polygonaceae,Antigonon,leptopus,2.86,50.91,19.08,6,16.5,1,2.5,5,14,simple,NA,Antigonon_leptopus,NA,11.25,11.25,
89,Caryophyllales,Polygonaceae,Eriogonum,affovalifolium,0.11,13.13,11.45,0.3,16,0.1,10,0.2,6,simple,NA,Eriogonum_affovalifolium,NA,8.15,8.15,
90,Caryophyllales,Polygonaceae,Eriogonum,elongatum,1.18,20.25,13.15,1.5,5,0.5,2,1,3,simple,NA,Eriogonum_elongatum,NA,3.25,3.25,
91,Caryophyllales,Polygonaceae,Eriogonum,fasciculatum,1.91,35.73,12.28,0.7,1.8,0.1,0.3,0.6,1.5,simple,NA,Eriogonum_fasciculatum,NA,1.25,1.25,
92,Caryophyllales,Polygonaceae,Podopterus,cordifolius,10.89,87.95,27.92,NA,2.9,NA,0.4,NA,2.5,simple,2.9,Podopterus_cordifolius,2.9,NA,NA,
93,Caryophyllales,Polygonaceae,Rumex,sagittatus,7.67,79.27,28,3.15,3.73,0.91,1.26,2.01,2.58,simple,NA,Rumex_sagittatus,NA,3.44,3.38,
94,Caryophyllales,Simmondsiaceae,Simmondsia,chinensis,2.1,26.15,11.56,2,5.7,0,0.2,2,5.5,simple,NA,Simmondsia_chinensis,NA,3.85,3.85,
95,Caryophyllales,Tamaricaceae,Tamarix,ramosissima,7.8,105.29,12.54,0.15,0.35,NA,NA,0.15,0.35,simple,NA,Tamarix_ramosissima,NA,0.25,NA,
96,Celastrales,Celastraceae,Crossopetalum,uragoga,1.92,24.61,14.87,1.01,5.26,0.16,0.26,0.85,5,simple,NA,Crossopetalum_uragoga,NA,3.135,3.135,
97,Celastrales,Celastraceae,Euonymus,japonicus,2.27,18.85,9.09,2.2,6.3,0.2,0.9,2,5.5,simple,NA,Euonymus_japonicus,NA,4.25,4.3,
98,Celastrales,Celastraceae,Maytenus,disticha,0.72,20.81,7.46,0.69,0.8,0.06,0.12,0.63,0.68,simple,NA,Maytenus_disticha,NA,0.745,0.745,
99,Celastrales,Celastraceae,Maytenus,phyllanthoides,2.03,32.03,13.05,1.6,5.6,0.1,0.6,1.5,5,simple,NA,Maytenus_phyllanthoides,NA,3.6,3.6,
100,Celastrales,Celastraceae,Peritassa,campestris,0.83,51.15,18.71,5.9,15,0.4,1,5,14,simple,NA,Peritassa_campestris,NA,10.45,10.2,
101,Celastrales,Celastraceae,Plenckia,populnea,6.68,39.39,14.67,4.7,11.1,2,3.7,2.7,7.4,simple,NA,Plenckia_populnea,NA,7.9,7.9,
102,Celastrales,Celastraceae,Semialarium,mexicanum,32.88,148.28,23.56,1.8,14.7,0.2,1.2,1.6,13.5,simple,NA,Semialarium_mexicanum,NA,8.25,8.25,
103,Celastrales,Celastraceae,Wimmeria,bartlettii,17,59.58,10.54,5.5,11,0.6,1,6.1,12,simple,NA,Wimmeria_bartlettii,NA,8.25,9.85,
104,Chloranthales,Chloranthaceae,Ascarina,lucida,4.57,53.38,11.96,2.8,9,0.8,1,2,8,simple,NA,Ascarina_lucida,NA,5.9,5.9,
105,Chloranthales,Chloranthaceae,Ascarina,rubricaulis,5.01,66.03,18.39,4,10,0.4,1.2,4.4,11.2,simple,NA,Ascarina_rubricaulis,NA,7,8.6,
106,Chloranthales,Chloranthaceae,Ascarina,solmsiana,4.36,70.48,26.08,4,8,0.4,1.5,3.6,6.5,simple,NA,Ascarina_solmsiana,NA,6,6,
107,Chloranthales,Chloranthaceae,Hedyosmum,aff_cuatrecazanum,1.6,22.7,15.13,6.92,11.92,1.05,1.43,5.87,10.49,simple,NA,Hedyosmum_aff_cuatrecazanum,NA,9.42,9.42,
108,Chloranthales,Chloranthaceae,Hedyosmum,mexicanum,9.92,122.68,32.16,9,22,0.9,2.3,8.1,19.7,simple,NA,Hedyosmum_mexicanum,NA,15.5,15.5,
109,Commelinales,Commelinaceae,Tradescantia,zanonia,1.07,39.75,30.21,10.5,17.4,0.6,0.67,9.9,16.73,simple,NA,Tradescantia_zanonia,NA,13.95,13.95,
110,Cornales,Hydrangeaceae,Hydrangea,macrophylla,0.98,30.31,16.48,8,20,NA,4,4,16,simple,NA,Hydrangea_macrophylla,NA,14,NA,
111,Crossosomatales,Crossosomataceae,Crossosoma,bigelovii,0.73,20.3,12.82,0.33,1.46,NA,NA,0.33,1.46,simple,NA,Crossosoma_bigelovii,NA,0.895,NA,
112,Crossosomatales,Staphyleaceae,Turpinia,occidentalis,9.67,99.37,29.91,12.35,21.97,2.02,4.12,10.33,17.85,compound,NA,Turpinia_occidentalis,NA,17.16,17.16,
113,Crossosomatales,Strasburgeriaceae,Strasburgeria,calliantha,7.91,81.89,20.89,20,22,0.25,2,18,20,simple,NA,Strasburgeria_calliantha,NA,21,20.125,
114,Cucurbitales,Coriariaceae,Coriaria,ruscifolia,0.58,28.75,15.8,0.5,7.5,NA,NA,0.5,7.5,simple,NA,Coriaria_ruscifolia,NA,4,NA,
115,Cucurbitales,Cucurbitaceae,Apodanthera,congestiflora,1.25,48.21,36.46,4.23,7.02,1.5,2,2.73,5.02,compound,NA,Apodanthera_congestiflora,NA,5.625,5.625,
116,Cucurbitales,Cucurbitaceae,Doyerea,emetocathartica,5.88,122.38,46.99,3.5,14,1.5,8,2,6,simple,NA,Doyerea_emetocathartica,NA,8.75,8.75,
117,Cucurbitales,Cucurbitaceae,Ibervillea,sonorae,6.43,143.79,63.66,4.51,8.81,0.79,2.78,3.72,6.03,simple,NA,Ibervillea_sonorae,NA,6.66,6.66,
118,Dilleniales,Dilleniaceae,Davilla,elliptica,2.97,87.13,17.33,10.78,12.6,0.81,1.45,9.97,11.15,simple,NA,Davilla_elliptica,NA,11.69,11.69,
119,Dilleniales,Dilleniaceae,Hibbertia,bouletii,0.97,41.71,26.25,1.69,3.27,NA,NA,1.69,3.27,simple,NA,Hibbertia_bouletii,NA,2.48,NA,
120,Dilleniales,Dilleniaceae,Hibbertia,lucens,2.98,52.43,16.32,4.47,7.74,NA,NA,4.47,7.74,simple,NA,Hibbertia_lucens,NA,6.105,NA,
121,Dilleniales,Dilleniaceae,Hibbertia,scandens,1.06,53.97,23.26,NA,NA,NA,NA,6,9,simple,7.5,Hibbertia_scandens,7.5,NA,NA,
122,Dilleniales,Dilleniaceae,Hibbertia,trachyphylla,1.97,69.29,13.31,0.36,1.03,NA,NA,0.36,1.03,simple,NA,Hibbertia_trachyphylla,NA,0.695,NA,
123,Dipsacales,Adoxaceae,Sambucus,canadensis,1.78,37.64,19.6,15.72,19.36,2.78,5.41,10.9,15.08,compound,NA,Sambucus_canadensis,NA,17.54,17.085,
124,Dipsacales,Adoxaceae,Sambucus,nigra,9.75,83.27,33.19,11.06,25.81,1.96,7.17,9.1,20.7,compound,NA,Sambucus_nigra,NA,18.435,19.465,
125,Dipsacales,Adoxaceae,Viburnum,acerifolium,0.97,28.43,14.35,5,10,1,3,4,7,simple,NA,Viburnum_acerifolium,NA,7.5,7.5,
126,Dipsacales,Adoxaceae,Viburnum,caudatum,5.84,51.26,17.67,9,13,0.8,1.2,NA,NA,simple,NA,Viburnum_caudatum,NA,11,NA,
127,Dipsacales,Adoxaceae,Viburnum,hartwegii,4.03,62.56,14.27,5,10,2,4,NA,NA,simple,NA,Viburnum_hartwegii,NA,7.5,NA,
128,Dipsacales,Adoxaceae,Viburnum,jucundum,6.28,58.79,20.2,NA,NA,0.3,1.6,NA,NA,simple,13,Viburnum_jucundum,13,NA,NA,
129,Dipsacales,Adoxaceae,Viburnum,lantanoides,2.62,30.47,15.6,10.16,20.32,NA,NA,NA,NA,simple,NA,Viburnum_lantanoides,NA,15.24,NA,
130,Dipsacales,Adoxaceae,Viburnum,microcarpum,6.9,51.27,19.47,7,9,NA,NA,NA,NA,simple,NA,Viburnum_microcarpum,NA,8,NA,
131,Dipsacales,Adoxaceae,Viburnum,tiliifolium,6.88,61.8,24.08,9.5,14,NA,NA,NA,NA,simple,NA,Viburnum_tiliifolium,NA,11.75,NA,
132,Dipsacales,Caprifoliaceae,Abelia,xgrandiflora,3.17,25.45,13.08,2.5,4.5,NA,NA,NA,NA,simple,NA,Abelia_xgrandiflora,NA,3.5,NA,
133,Dipsacales,Caprifoliaceae,Lonicera,japonica,3.78,42.75,15.82,NA,NA,3,8,3,8,simple,NA,Lonicera_japonica,NA,NA,11,
134,Dipsacales,Caprifoliaceae,Lonicera,subspicata,2.95,28.36,16.75,1.6,2.2,NA,NA,NA,NA,simple,NA,Lonicera_subspicata,NA,1.9,NA,
135,Dipsacales,Caprifoliaceae,Symphoricarpos,mollis,1.51,25.16,11.21,1.4,3.8,NA,NA,NA,NA,simple,NA,Symphoricarpos_mollis,NA,2.6,NA,
136,Dipsacales,Caprifoliaceae,Symphoricarpos,rotundifolius,0.49,20.75,11.71,1.2,2.2,NA,NA,NA,NA,simple,NA,Symphoricarpos_rotundifolius,NA,1.7,NA,
137,Dipsacales,Cornaceae,Cornus,alternifolia,4.57,46.67,12.98,5.08,12.7,NA,NA,NA,NA,simple,NA,Cornus_alternifolia,NA,8.89,NA,
138,Ericales,Actinidiaceae,Actinidia,deliciosa,11.6,196.43,39.64,14.48,14.86,NA,NA,NA,NA,simple,NA,Actinidia_deliciosa,NA,14.67,NA,
139,Ericales,Actinidiaceae,Saurauia,scabrida,8.07,108.47,38.51,10,30,NA,NA,NA,NA,simple,NA,Saurauia_scabrida,NA,20,NA,
140,Ericales,Clethraceae,Clethra,alnifolia,2.78,36.35,12.32,NA,NA,2.5,3.5,5,9,simple,NA,Clethra_alnifolia,NA,NA,10,
141,Ericales,Ebenaceae,Diospyros,intricata,2.22,33.81,8.36,0.7,1,NA,NA,NA,NA,simple,NA,Diospyros_intricata,NA,0.85,NA,
142,Ericales,Ericaceae,Arctostaphylos,glandulosa,2.14,22.79,9.58,NA,NA,0.5,1,2,4.5,simple,NA,Arctostaphylos_glandulosa,NA,NA,4,
143,Ericales,Ericaceae,Arctostaphylos,patula,1.38,22.28,9.42,NA,NA,0.7,1.5,2.5,6,simple,NA,Arctostaphylos_patula,NA,NA,5.35,
144,Ericales,Ericaceae,Arctostaphylos,peninsularis,1.47,25.7,9.62,2,3.2,NA,NA,NA,NA,simple,NA,Arctostaphylos_peninsularis,NA,2.6,NA,
145,Ericales,Ericaceae,Arctostaphylos,pringlei,1.72,21.36,9.36,3.5,4.6,NA,NA,NA,NA,simple,NA,Arctostaphylos_pringlei,NA,4.05,NA,
146,Ericales,Ericaceae,Arctostaphylos,uva_ursi,1.05,24.5,9.04,1.27,3.175,NA,NA,NA,NA,simple,NA,Arctostaphylos_uva_ursi,NA,2.2225,NA,
147,Ericales,Ericaceae,Calluna,vulgaris,0.69,21.42,12.43,0.127,0.35,NA,NA,NA,NA,simple,NA,Calluna_vulgaris,NA,0.2385,NA,
148,Ericales,Ericaceae,Cyathodes,straminea,0.53,25.19,9.87,0.6,1.1,NA,NA,NA,NA,simple,NA,Cyathodes_straminea,NA,0.85,NA,
149,Ericales,Ericaceae,Daboecia,cantabrica,0.7,16.9,8.85,0.635,1.5875,NA,NA,NA,NA,simple,NA,Daboecia_cantabrica,NA,1.11125,NA,
150,Ericales,Ericaceae,Disterigma,alaternoides,0.74,21.97,10.84,0.9,3.1,NA,NA,NA,NA,simple,NA,Disterigma_alaternoides,NA,2,NA,
151,Ericales,Ericaceae,Dracophyllum,ramosum,3.35,65.76,9.4,4.2,9,NA,NA,NA,NA,simple,NA,Dracophyllum_ramosum,NA,6.6,NA,
152,Ericales,Ericaceae,Dracophyllum,verticillatum,3.33,31.98,37.11,34.1,37.7,NA,NA,NA,NA,simple,NA,Dracophyllum_verticillatum,NA,35.9,NA,
153,Ericales,Ericaceae,Erica,cinerea,1,19.19,9.9,NA,NA,0.01,0.03,0.25,0.5,simple,NA,Erica_cinerea,NA,NA,0.395,
154,Ericales,Ericaceae,Erica,vagans,0.95,25.13,14.23,NA,NA,0.05,0.1,0.45,0.6,simple,NA,Erica_vagans,NA,NA,0.6,
155,Ericales,Ericaceae,Gaultheria,aff_glomerata,0.58,18.29,10.82,2,5.5,2.5,4,NA,NA,simple,NA,Gaultheria_aff_glomerata,NA,3.75,NA,
156,Ericales,Ericaceae,Gaultheria,foliolosa,2.93,34.82,11.12,0.6,1,NA,NA,NA,NA,simple,NA,Gaultheria_foliolosa,NA,0.8,NA,
157,Ericales,Ericaceae,Gaultheria,hispida,0.77,25.14,12.91,2.54,5.715,NA,NA,NA,NA,simple,NA,Gaultheria_hispida,NA,4.1275,NA,
158,Ericales,Ericaceae,Gaultheria,mucronata,0.69,25.46,9.87,1,1.8,NA,NA,NA,NA,simple,NA,Gaultheria_mucronata,NA,1.4,NA,
159,Ericales,Ericaceae,Gaultheria,reticulata,1.18,21.77,9.47,2.2,5.2,NA,NA,NA,NA,simple,NA,Gaultheria_reticulata,NA,3.7,NA,
160,Ericales,Ericaceae,Kalmia,latifolia,2.82,30.14,11.85,5.08,12.7,NA,NA,NA,NA,simple,NA,Kalmia_latifolia,NA,8.89,NA,
161,Ericales,Ericaceae,Leptecophylla,juniperina,0.58,21.55,6.49,0.42,1.8,NA,NA,NA,NA,simple,NA,Leptecophylla_juniperina,NA,1.11,NA,
162,Ericales,Ericaceae,Lyonia,ligustrina,2.3,26.79,12.26,2.3,5,NA,NA,NA,NA,simple,NA,Lyonia_ligustrina,NA,3.65,NA,
163,Ericales,Ericaceae,Rhododendron,ferrugineum,0.66,17.27,10.44,2.1,4.1,NA,NA,NA,NA,simple,NA,Rhododendron_ferrugineum,NA,3.1,NA,
164,Ericales,Ericaceae,Richea,pandanifolia,2.07,30.89,5.83,91.9,93.5,NA,NA,NA,NA,simple,NA,Richea_pandanifolia,NA,92.7,NA,
165,Ericales,Ericaceae,Richea,scoparia,1.2,22.54,8.19,1.905,5.08,NA,NA,NA,NA,simple,NA,Richea_scoparia,NA,3.4925,NA,
166,Ericales,Ericaceae,Richea,sprengelioides,0.62,17.82,8.53,0.7,1.6,NA,NA,NA,NA,simple,NA,Richea_sprengelioides,NA,1.15,NA,
167,Ericales,Ericaceae,Styphelia,cymbulae,5.42,54,11.76,1.9,8.3,NA,NA,NA,NA,simple,NA,Styphelia_cymbulae,NA,5.1,NA,
168,Ericales,Ericaceae,Trochocarpa,cunninghamii,0.77,24.85,6.37,1.1,1.4,NA,NA,1.1,1.4,simple,NA,Trochocarpa_cunninghamii,NA,1.25,NA,
169,Ericales,Ericaceae,Trochocarpa,laurina,4.69,35.69,9.78,4.1,8.3,NA,NA,NA,NA,simple,NA,Trochocarpa_laurina,NA,6.2,NA,
170,Ericales,Ericaceae,Vaccinium,corymbosum,2.77,31.64,9.89,2.54,8.89,NA,NA,NA,NA,simple,NA,Vaccinium_corymbosum,NA,5.715,NA,
171,Ericales,Ericaceae,Vaccinium,myrtillus,0.65,18.52,9.56,1,3,0,0.1,NA,NA,simple,NA,Vaccinium_myrtillus,NA,2,NA,
172,Ericales,Fouquieriaceae,Fouquieria,diguetii,4.94,73.94,13.28,NA,NA,NA,NA,NA,2.07,simple,2.07,Fouquieria_diguetii,2.07,NA,NA,Lámina mide 2.07
173,Ericales,Primulaceae,Bonellia,macrocarpa_subsp_pungens,9.3,65.2,8.84,3.5,9.5,0.1,0.3,NA,NA,simple,NA,Bonellia_macrocarpa_subsp_pungens,NA,6.5,NA,
174,Ericales,Primulaceae,Myrsine,guianensis,3.31,66.2,17.8,4.8,8.8,NA,NA,NA,NA,simple,NA,Myrsine_guianensis,NA,6.8,NA,
175,Ericales,Sapotaceae,Pouteria,campechiana,21.92,97.91,14.66,7.1,33.3,0.6,3.3,6.5,30,simple,NA,Pouteria_campechiana,NA,20.2,20.2,
176,Ericales,Sapotaceae,Sideroxylon,obtusifolium,8.72,58.42,10.13,3.5,6.3,NA,NA,NA,NA,simple,NA,Sideroxylon_obtusifolium,NA,4.9,NA,
177,Ericales,Styracaceae,Styrax,argenteus,19,99.45,33.13,7.5,20.5,1,2.5,6.5,18,simple,NA,Styrax_argenteus,NA,14,14,
178,Ericales,Symplocaceae,Symplocos,celastrifolia,7.27,68.07,17.03,0.5,NA,NA,0.5,NA,NA,simple,8.9,Symplocos_celastrifolia,8.9,NA,NA,
179,Ericales,Symplocaceae,Symplocos,cf_reflexa,0.74,47.82,24.03,5.1,7.1,0.27,0.38,4.8,6.7,simple,NA,Symplocos_cf_reflexa,NA,6.1,6.075,
180,Escalloniales,Escalloniaceae,Anopterus,glandulosus,3.98,35.37,18.02,7.9,22,0.52,2.1,7.4,19.9,simple,NA,Anopterus_glandulosus,NA,14.95,14.96,
181,Escalloniales,Escalloniaceae,Escallonia,rubra,0.93,22.79,8.72,1.8,4.5,0.14,0.46,1.7,4,simple,NA,Escallonia_rubra,NA,3.15,3.15,
182,Escalloniales,Escalloniaceae,Escallonia,virgata,2.15,27.24,6.99,0.6,1.7,NA,NA,NA,NA,simple,NA,Escallonia_virgata,NA,1.15,NA,
183,Escalloniales,Escalloniaceae,Polyosma,rhytophloia,7.99,61.09,20.09,9.9,16.1,0.9,2.1,9,14,simple,NA,Polyosma_rhytophloia,NA,13,13,
184,Fabales,Fabaceae,Acacia,binervia,8.93,89.8,19.53,6,15,NA,NA,NA,NA,compound,NA,Acacia_binervia,NA,10.5,NA,
185,Fabales,Fabaceae,Acacia,farnesiana,5.05,66.95,8.18,1.8,5.7,0.3,0.9,1.5,4.8,compound,NA,Acacia_farnesiana,NA,3.75,3.75,
186,Fabales,Fabaceae,Acacia,grasbyi,4.09,44.86,14.06,3,10,NA,NA,NA,NA,compound,NA,Acacia_grasbyi,NA,6.5,NA,
187,Fabales,Fabaceae,Acacia,greggii,2.63,52.07,15.05,2.5,7.6,0.3,0.7,NA,NA,compound,NA,Acacia_greggii,NA,5.05,NA,
188,Fabales,Fabaceae,Acacia,latescens,6.8,82.83,22.32,8,26,NA,NA,NA,NA,compound,NA,Acacia_latescens,NA,17,NA,
189,Fabales,Fabaceae,Acacia,spirorbis,6.07,81.55,15.12,9,17,NA,NA,NA,NA,compound,NA,Acacia_spirorbis,NA,13,NA,
190,Fabales,Fabaceae,Amburana,cearensis,6.67,74.83,16.67,8,25,2,3,6,22,compound,NA,Amburana_cearensis,NA,16.5,16.5,
191,Fabales,Fabaceae,Anadenanthera,colubrina,7.55,60.5,13.19,10,26,1.1,3.5,5.9,22.5,compound,NA,Anadenanthera_colubrina,NA,18,16.5,
192,Fabales,Fabaceae,Arthroclianthus,grandifolius,6.15,73.07,15.98,13.7,17.6,1.7,2.6,12,15,compound,NA,Arthroclianthus_grandifolius,NA,15.65,15.65,
193,Fabales,Fabaceae,Astragalus,circumdatus,0.13,11.75,5.92,2.7,5.6,1.1,1.8,1.6,3.8,compound,NA,Astragalus_circumdatus,NA,4.15,4.15,
194,Fabales,Fabaceae,Bauhinia,cheilantha,4.96,34.55,12.18,3.4,12.7,0.65,2.4,2.8,10.3,simple,NA,Bauhinia_cheilantha,NA,8.05,8.075,
195,Fabales,Fabaceae,Bauhinia,rufa,4.22,55.53,10.74,6.3,15.1,0.8,2.4,5.5,12.7,simple,NA,Bauhinia_rufa,NA,10.7,10.7,
196,Fabales,Fabaceae,Caesalpinia,gardneriana,6.23,49.1,14.26,7.6,14.3,1.7,2.7,5.9,11.6,compound,NA,Caesalpinia_gardneriana,NA,10.95,10.95,
197,Fabales,Fabaceae,Cercidium,peninsulare,7.74,60.37,10.41,1.2,2.9,0.25,0.8,1.4,2.1,compound,NA,Cercidium_peninsulare,NA,2.05,2.275,
198,Fabales,Fabaceae,Chamaecrista,zygophylloides,2.87,33.71,10.62,2,6.5,1.7,3.8,NA,NA,compound,NA,Chamaecrista_zygophylloides,NA,4.25,NA,
199,Fabales,Fabaceae,Chloroleucon,foliolosum,5.68,59.97,14.56,4.7,10.2,0.5,2.2,4.2,8,compound,NA,Chloroleucon_foliolosum,NA,7.45,7.45,
200,Fabales,Fabaceae,Cynometra,oaxacana,9.71,74.35,24.67,3.9,6.4,0.4,0.4,3.5,6,simple,NA,Cynometra_oaxacana,NA,5.15,5.15,
201,Fabales,Fabaceae,Cytisus,scoparius,3.17,43.27,10.91,0.7,1.8,0.2,0.8,0.5,1,compound,NA,Cytisus_scoparius,NA,1.25,1.25,
202,Fabales,Fabaceae,Dussia,mexicana,30,232.91,52.56,33.1,64.4,9.1,20.5,24,43.9,compound,NA,Dussia_mexicana,NA,48.75,48.75,
203,Fabales,Fabaceae,Ebenopsis,confinis,0.7,39.72,11.51,2.1,3.5,0.5,1.3,1.6,2.2,compound,NA,Ebenopsis_confinis,NA,2.8,2.8,
204,Fabales,Fabaceae,Entada,phaseoloides,55,250.26,46.64,10.5,20.4,2,7.4,8.5,13,compound,NA,Entada_phaseoloides,NA,15.45,15.45,
205,Fabales,Fabaceae,Entada,polystachya,22.43,271.96,51,16.1,30.8,4,8,NA,NA,compound,31.5,Entada_polystachya,31.5,23.45,NA,Emman revisa
206,Fabales,Fabaceae,Erythrina,flabelliformis,3.79,104.17,19.78,11.5,19.6,5,8.7,6.5,10.9,compound,NA,Erythrina_flabelliformis,NA,15.55,15.55,
207,Fabales,Fabaceae,Erythrina,lanata,4.96,119.02,26.13,13.5,23.5,6.3,9.6,7.2,13.9,compound,NA,Erythrina_lanata,NA,18.5,18.5,
208,Fabales,Fabaceae,Gompholobium,latifolium,2.59,47.67,32.27,0.85,1.76,0.15,0.26,0.7,1.5,compound,NA,Gompholobium_latifolium,NA,1.305,1.305,
209,Fabales,Fabaceae,Libidibia,ferrea,7.57,65.64,17.94,10.6,15.1,1.4,4.1,9.2,11,compound,NA,Libidibia_ferrea,NA,12.85,12.85,
210,Fabales,Fabaceae,Lupinus,excubitus,0.09,23,10.62,3.2,15.9,4,15,NA,NA,compound,11.15,Lupinus_excubitus,11.15,9.55,NA,Emman revisa
211,Fabales,Fabaceae,Lysiloma,candida,6.96,65.37,13.62,3,7,NA,NA,NA,NA,compound,NA,Lysiloma_candida,NA,5,NA,
212,Fabales,Fabaceae,Machaerium,cobanense,22,232.67,28.42,7.8,18.6,0.9,3.2,6.9,15.4,compound,NA,Machaerium_cobanense,NA,13.2,13.2,
213,Fabales,Fabaceae,Machaerium,floribundum,21.35,96.14,24.58,20.2,41.3,4.2,10.7,16.1,30.6,compound,NA,Machaerium_floribundum,NA,30.75,30.8,
214,Fabales,Fabaceae,Mimosa,ophthalmocentra,5.7,55.92,16.33,1.94,3.3,0.24,0.5,1.7,2.8,compound,NA,Mimosa_ophthalmocentra,NA,2.62,2.62,
215,Fabales,Fabaceae,Mimosa,tenuiflora,4.6,55.62,14.43,4,8.5,1,2.2,3,6.3,compound,NA,Mimosa_tenuiflora,NA,6.25,6.25,
216,Fabales,Fabaceae,Ottleya,rigida,0.54,21.08,13.11,1.3,2.4,0.1,0.3,1.2,2.1,compound,NA,Ottleya_rigida,NA,1.85,1.85,
217,Fabales,Fabaceae,Piptadenia,stipulacea,6.5,67.94,14.9,5.1,15.9,1.7,4.4,3.4,11.5,compound,NA,Piptadenia_stipulacea,NA,10.5,10.5,
218,Fabales,Fabaceae,Psorothamnus,arborescens,1.19,32.08,8,1.6,2.9,0.6,1.2,1,1.7,compound,NA,Psorothamnus_arborescens,NA,2.25,2.25,
219,Fabales,Fabaceae,Stryphnodendron,adstringens,4.13,122.84,21.93,24.8,34.8,4.5,5.8,20.3,29,compound,NA,Stryphnodendron_adstringens,NA,29.8,29.8,
220,Fabales,Fabaceae,Stylosanthes,viscosa,0.93,22.15,11.15,0.7,1.5,0.2,0.5,0.5,1,compound,NA,Stylosanthes_viscosa,NA,1.1,1.1,
221,Fabales,Fabaceae,Syrmatium,glabrum,1.57,27.37,13.65,1.2,3,0.2,0.6,1,2.4,compound,NA,Syrmatium_glabrum,NA,2.1,2.1,
222,Fabales,Fabaceae,Ulex,gallii,1.6,36.16,9.81,0.5,3,NA,NA,NA,NA,compound,NA,Ulex_gallii,NA,1.75,NA,
223,Fabales,Fabaceae,Vatairea,lundellii,32.5,170,37.02,14,46,NA,NA,NA,NA,compound,NA,Vatairea_lundellii,NA,30,NA,
224,Fabales,Polygalaceae,Comesperma,ericinum,1.17,20.05,12.36,NA,NA,0.4,0.6,0.5,2.5,simple,NA,Comesperma_ericinum,NA,NA,2,
225,Fagales,Betulaceae,Alnus,glutinosa,12.04,53.27,9.13,NA,NA,11,32,4,12,simple,NA,Alnus_glutinosa,NA,NA,29.5,
226,Fagales,Betulaceae,Betula,lenta,18.07,90.43,11.86,NA,NA,0.635,2.54,5,15.24,simple,NA,Betula_lenta,NA,NA,11.7075,
227,Fagales,Betulaceae,Betula,pubescens,7.07,55.53,11.97,NA,NA,0.84,1.9,3.81,6.35,simple,NA,Betula_pubescens,NA,NA,6.45,
228,Fagales,Betulaceae,Carpinus,caroliniana,7.5,48.12,12.52,3,13,0.635,1.27,5.04,10.16,simple,NA,Carpinus_caroliniana,NA,8,8.5525,
229,Fagales,Betulaceae,Corylus,avellana,3.2,35.57,10.01,NA,NA,0.635,1.27,5.08,10.16,simple,NA,Corylus_avellana,NA,NA,8.5725,
230,Fagales,Betulaceae,Ostrya,virginiana,7.21,47.36,10.32,4.5,14,NA,0.6,8,10,simple,NA,Ostrya_virginiana,NA,9.25,NA,
231,Fagales,Casuarinaceae,Casuarina,equisetifolia,14.7,92.08,9.62,0.5,0.8,NA,NA,NA,NA,simple,NA,Casuarina_equisetifolia,NA,0.65,NA,
232,Fagales,Fagaceae,Castanea,sativa,6.75,84.62,15.95,14,22.5,1.27,2.54,12.7,22.86,simple,NA,Castanea_sativa,NA,18.25,19.685,
233,Fagales,Fagaceae,Fagus,sylvatica,11.57,49,9.26,NA,NA,0.3,1,4,10,simple,NA,Fagus_sylvatica,NA,NA,7.65,
234,Fagales,Fagaceae,Quercus,alba,23.58,104.79,20.34,NA,NA,0.6,2.5,12.5,21,simple,NA,Quercus_alba,NA,NA,18.3,
235,Fagales,Fagaceae,Quercus,berberidifolia,3.81,88,17.98,NA,NA,0.2,0.4,1.5,3,simple,NA,Quercus_berberidifolia,NA,NA,2.55,
236,Fagales,Fagaceae,Quercus,chrysolepis,2.79,58.88,9.43,NA,NA,0.3,1.4,2,7,simple,NA,Quercus_chrysolepis,NA,NA,5.35,
237,Fagales,Fagaceae,Quercus,cornelius-mulleri,2.43,56.89,12.02,NA,NA,0.2,0.5,1.5,3.5,simple,NA,Quercus_cornelius-mulleri,NA,NA,2.85,
238,Fagales,Fagaceae,Quercus,peninsularis,1.51,37.23,13.68,NA,NA,0.55,0.7,5.04,5.4,simple,NA,Quercus_peninsularis,NA,NA,5.845,
239,Fagales,Fagaceae,Quercus,pyrenaica,6.23,102.36,13.15,NA,NA,0.63,1.9,7.62,22.86,simple,NA,Quercus_pyrenaica,NA,NA,16.505,
240,Fagales,Fagaceae,Quercus,robur,16.67,106.54,17,NA,NA,0.3,0.6,7,15,simple,NA,Quercus_robur,NA,NA,11.45,
241,Fagales,Fagaceae,Quercus,rubra,26.19,136.15,15.69,NA,NA,1.8,5.8,11.5,20,simple,NA,Quercus_rubra,NA,NA,19.55,
242,Fagales,Juglandaceae,Carya,ovata,28.46,117.13,9.58,NA,NA,5.5,8.43,16,31.28,compound,NA,Carya_ovata,NA,NA,30.605,
243,Fagales,Myricaceae,Comptonia,peregrina,0.7,22.91,10.86,NA,NA,0.32,0.63,3,15.5,simple,NA,Comptonia_peregrina,NA,NA,9.725,
244,Fagales,Nothofagaceae,Nothofagus,antarctica,7.73,39.62,8.86,NA,NA,0.21,0.42,1.27,2.54,simple,NA,Nothofagus_antarctica,NA,NA,2.22,
245,Fagales,Nothofagaceae,Nothofagus,cunninghamii,3.63,43.5,8.45,NA,NA,0.145,0.275,1.19,1.87,simple,NA,Nothofagus_cunninghamii,NA,NA,1.74,
246,Fagales,Nothofagaceae,Nothofagus,dombeyi,4.63,33.69,8.62,NA,NA,NA,0.21,1.9,3.81,simple,3.06,Nothofagus_dombeyi,3.06,NA,NA,Subsésil
247,Fagales,Nothofagaceae,Nothofagus,gunnii,6.29,35.7,8.02,NA,NA,0,0.3,1,2,simple,NA,Nothofagus_gunnii,NA,NA,1.65,
248,Fagales,Nothofagaceae,Nothofagus,pumilio,3.03,35.24,6.9,NA,NA,0.32,0.63,1.9,3.17,simple,NA,Nothofagus_pumilio,NA,NA,3.01,
249,Garryales,Garryaceae,Aucuba,japonica,0.57,22.64,11.96,NA,NA,1.27,5.08,8,20,simple,NA,Aucuba_japonica,NA,NA,17.175,
250,Garryales,Garryaceae,Garrya,grisea,1.28,20.27,8.65,NA,NA,0.32,0.54,2.98,3.43,simple,NA,Garrya_grisea,NA,NA,3.635,
251,Garryales,Garryaceae,Garrya,laurifolia,8.8,55.86,19.36,NA,NA,1,2.5,5,16,simple,NA,Garrya_laurifolia,NA,NA,12.25,
252,Gentianales,Apocynaceae,Allamanda,blanchetii,3.16,51.41,16.42,NA,NA,NA,NA,4.37,7.07,simple,5.72,Allamanda_blanchetii,5.72,NA,NA,Sésil
253,Gentianales,Apocynaceae,Alyxia,leucogyne,3.73,53.16,13.11,NA,NA,2,2.5,7,9,simple,NA,Alyxia_leucogyne,NA,NA,10.25,
254,Gentianales,Apocynaceae,Araujia,sericifera,8.68,78.6,39.12,NA,NA,1.4,2.5,6,8.5,simple,NA,Araujia_sericifera,NA,NA,9.2,
255,Gentianales,Apocynaceae,Asclepias,subulata,0.76,19.97,10.49,2,8,NA,NA,NA,NA,simple,NA,Asclepias_subulata,NA,5,NA,
256,Gentianales,Apocynaceae,Aspidosperma,pyrifolium,6.53,40.05,11.75,NA,NA,11.4,1.87,5.02,6.67,simple,NA,Aspidosperma_pyrifolium,NA,NA,12.48,
257,Gentianales,Apocynaceae,Cascabela,ovata,8.45,49,12.78,NA,NA,0.5,1.5,5.5,18.5,simple,NA,Cascabela_ovata,NA,NA,13,
258,Gentianales,Apocynaceae,Cerberiopsis,candelabra,7.98,69.25,18.35,NA,NA,3.5,4.8,35,40,simple,NA,Cerberiopsis_candelabra,NA,NA,41.65,
259,Gentianales,Apocynaceae,Forsteronia,acouci,20.2,135.68,26.96,3.5,12,0.3,0.7,8,14.4,simple,NA,Forsteronia_acouci,NA,7.75,11.7,
260,Gentianales,Apocynaceae,Plumeria,rubra,3.25,61.82,18.5,NA,NA,1,3,9.4,34,simple,NA,Plumeria_rubra,NA,NA,23.7,
261,Gentianales,Apocynaceae,Tonduzia,longifolia,4.44,25.77,17.82,NA,NA,0.5,1.5,3.5,20,simple,NA,Tonduzia_longifolia,NA,NA,12.75,
262,Gentianales,Apocynaceae,Vallesia,glabra,3.46,44.43,10.91,NA,NA,0.5,1,3,9,simple,NA,Vallesia_glabra,NA,NA,6.75,
263,Gentianales,Rubiaceae,Coprosma,nitida,1.91,28.77,6.44,NA,NA,0.05,0.08,0.58,0.85,simple,NA,Coprosma_nitida,NA,NA,0.78,
264,Gentianales,Rubiaceae,Morinda,jasminoides,5.97,99.27,30.9,NA,NA,0.39,0.52,3.66,5.37,simple,NA,Morinda_jasminoides,NA,NA,4.97,
265,Gentianales,Rubiaceae,Pomax,umbellata,0.21,19.6,5.58,NA,NA,0.1,0.9,0.4,3,simple,NA,Pomax_umbellata,NA,NA,2.2,
266,Gentianales,Rubiaceae,Psychotria,rupicola,0.72,27.98,9.44,NA,NA,0.4,0.93,5,7.77,simple,NA,Psychotria_rupicola,NA,NA,7.05,
267,Gentianales,Rubiaceae,Randia,capitata,2.64,28.39,13.54,NA,NA,0.3,1.2,2,7,simple,NA,Randia_capitata,NA,NA,5.25,
268,Gentianales,Rubiaceae,Thiollierea,macrophylla,1.64,30.96,13.31,NA,NA,3.22,4.75,14.21,17.3,simple,NA,Thiollierea_macrophylla,NA,NA,19.74,
269,Geraniales,Geraniaceae,Pelargonium,hortorum,0.99,39.3,19.43,NA,NA,4,18,3.5,11,simple,NA,Pelargonium_hortorum,NA,NA,18.25,
270,Geraniales,Melianthaceae,Melianthus,major,1.67,32.87,23.39,NA,NA,NA,8.6,29.36,45,compound,45.78,Melianthus_major,45.78,NA,NA,
271,Huerteales,Dipentodontaceae,Perrottetia,longistylis,17,53.35,22.78,NA,NA,0.7,0.9,7,20,simple,NA,Perrottetia_longistylis,NA,NA,14.3,
272,Huerteales,Dipentodontaceae,Perrottetia,ovata,7,43.26,22.3,NA,NA,0.57,0.78,9.56,11.04,simple,NA,Perrottetia_ovata,NA,NA,10.975,
273,Huerteales,Huerteaceae,Huertea,cubensis,10.9,74.01,7.06,NA,NA,6.68,9.28,23.43,30.95,compound,NA,Huertea_cubensis,NA,NA,35.17,
274,Huerteales,Petenaeaceae,Petenaea,cordata,9.3,92.28,14.23,NA,NA,0.5,1.1,8.5,15.5,simple,NA,Petenaea_cordata,NA,NA,12.8,
275,Icacinales,Oncothecaceae,Oncotheca,humboldtiana,7.72,64.79,15.14,9,18,NA,NA,NA,NA,simple,NA,Oncotheca_humboldtiana,NA,13.5,NA,
276,Lamiales,Acanthaceae,Ruellia,californica,0.82,21.64,6.69,1,8.2,NA,NA,NA,NA,simple,NA,Ruellia_californica,NA,4.6,NA,
277,Lamiales,Bignoniaceae,Amphilophium,crucigerum,24,83.77,39.11,11.89,17.21,NA,NA,NA,NA,compound,NA,Amphilophium_crucigerum,NA,14.55,NA,
278,Lamiales,Bignoniaceae,Callichlamys,latifolia,37.75,155.03,43.49,16.52,26.31,NA,NA,NA,NA,compound,NA,Callichlamys_latifolia,NA,21.415,NA,
279,Lamiales,Bignoniaceae,Chilopsis,linearis,4.93,109.47,24.5,5.5,9,NA,NA,NA,NA,simple,NA,Chilopsis_linearis,NA,7.25,NA,
280,Lamiales,Bignoniaceae,Fridericia,patellifera,11.2,91.36,26.64,4.7,14.5,NA,NA,NA,NA,compound,NA,Fridericia_patellifera,NA,9.6,NA,
281,Lamiales,Bignoniaceae,Fridericia,schumanniana,32.72,166.84,35.66,14.43,21,NA,NA,NA,NA,compound,NA,Fridericia_schumanniana,NA,17.715,NA,
282,Lamiales,Bignoniaceae,Handroanthus,impetiginosus,12.63,76.04,19.38,20.82,41.15,NA,NA,NA,NA,compound,NA,Handroanthus_impetiginosus,NA,30.985,NA,
283,Lamiales,Bignoniaceae,Mansoa,verrucifera,38.7,115.6,29.05,20.79,27.32,NA,NA,NA,NA,compound,NA,Mansoa_verrucifera,NA,24.055,NA,
284,Lamiales,Bignoniaceae,Pandorea,pandorana,9.08,80.67,21.56,8,16,NA,NA,NA,NA,compound,NA,Pandorea_pandorana,NA,12,NA,
285,Lamiales,Bignoniaceae,Paragonia,pyramidata,32.17,236.81,39.31,11.23,20.68,NA,NA,NA,NA,compound,NA,Paragonia_pyramidata,NA,15.955,NA,
286,Lamiales,Bignoniaceae,Pyrostegia,venusta,7.85,76.57,16.7,4,10,NA,NA,NA,NA,compound,NA,Pyrostegia_venusta,NA,7,NA,
287,Lamiales,Bignoniaceae,Stizophyllum,riparium,30.2,84.24,25.23,2.9,20,NA,NA,NA,NA,compound,NA,Stizophyllum_riparium,NA,11.45,NA,
288,Lamiales,Bignoniaceae,Tabebuia,ochracea,4.48,69.03,16.1,5.5,25,NA,NA,NA,NA,compound,NA,Tabebuia_ochracea,NA,15.25,NA,
289,Lamiales,Bignoniaceae,Zeyheria,montana,2.06,42.5,20.59,10.2,27.7,NA,NA,NA,NA,compound,NA,Zeyheria_montana,NA,18.95,NA,
290,Lamiales,Gesneriaceae,Coronanthera,sericea,6.31,77.13,18.91,NA,NA,NA,NA,NA,NA,simple,9,Coronanthera_sericea,9,NA,NA,
291,Lamiales,Gesneriaceae,Moussonia,deppeana,2.08,41,17.94,6.45,17.66,0.35,1.77,6.1,14.34,simple,NA,Moussonia_deppeana,NA,12.055,11.28,
292,Lamiales,Lamiaceae,Monardella,linoides,0.14,23.28,11.67,1.19,2.35,NA,NA,NA,NA,simple,NA,Monardella_linoides,NA,1.77,NA,
293,Lamiales,Lamiaceae,Salvia,leucophylla,1.79,30.76,15.71,3.02,12.53,NA,NA,NA,NA,simple,NA,Salvia_leucophylla,NA,7.775,NA,
294,Lamiales,Lamiaceae,Salvia,mellifera,2.12,28.36,14.23,2.5,7,NA,NA,NA,NA,simple,NA,Salvia_mellifera,NA,4.75,NA,
295,Lamiales,Lamiaceae,Salvia,pachyphylla,0.5,22.95,14.03,1.58,5,NA,NA,NA,NA,simple,NA,Salvia_pachyphylla,NA,3.29,NA,
296,Lamiales,Lamiaceae,Scutellaria,mexicana,0.92,22.34,14.5,0.3,1.5,NA,NA,NA,NA,simple,NA,Scutellaria_mexicana,NA,0.9,NA,
297,Lamiales,Oleaceae,Fraxinus,americana,24.5,114.64,22.72,20.32,38.1,NA,NA,NA,NA,compound,NA,Fraxinus_americana,NA,29.21,NA,
298,Lamiales,Oleaceae,Fraxinus,dipetala,5.1,44.82,12.6,5.08,16.33,NA,NA,NA,NA,compound,NA,Fraxinus_dipetala,NA,10.705,NA,
299,Lamiales,Oleaceae,Fraxinus,excelsior,7.68,77.42,17.09,25.4,30.48,NA,NA,NA,NA,compound,NA,Fraxinus_excelsior,NA,27.94,NA,
300,Lamiales,Oleaceae,Osmanthus,austrocaledonicus,6.24,66.32,13.12,5.54,7.7,0.83,0.96,4.61,6.8,simple,NA,Osmanthus_austrocaledonicus,NA,6.62,6.6,
301,Lamiales,Orobanchaceae,Cordylanthus,rigidus,1.27,24.16,13.74,1.24,2.27,NA,NA,NA,NA,simple,NA,Cordylanthus_rigidus,NA,1.755,NA,
302,Lamiales,Plantaginaceae,Angelonia,pubescens,2.61,28.13,12.32,NA,NA,0.47,0.82,3.07,5.63,simple,NA,Angelonia_pubescens,NA,NA,4.995,
303,Lamiales,Plantaginaceae,Keckiella,cordifolia,3.56,32.24,11.58,2.31,4.59,0.12,0.49,2.19,4.1,simple,NA,Keckiella_cordifolia,NA,3.45,3.45,
304,Lamiales,Plantaginaceae,Keckiella,ternata,0.89,21.32,11.47,1.5,6,NA,NA,NA,NA,simple,NA,Keckiella_ternata,NA,3.75,NA,
305,Lamiales,Plantaginaceae,Penstemon,centranthifolius,0.43,23.58,10.15,4.8,6.55,NA,NA,NA,NA,simple,NA,Penstemon_centranthifolius,NA,5.675,NA,
306,Lamiales,Scrophulariaceae,Buddleja,stachyoides,1.44,23.38,12.07,5,25,NA,NA,NA,NA,simple,NA,Buddleja_stachyoides,NA,15,NA,
307,Lamiales,Verbenaceae,Lantana,camara,9.51,95.52,27.43,NA,NA,0.5,1.4,2.8,11,simple,NA,Lantana_camara,NA,NA,7.85,
308,Lamiales,Verbenaceae,Lippia,balansae,3.43,44.79,14.7,2,4.77,0.17,0.5,1.84,4.27,simple,NA,Lippia_balansae,NA,3.385,3.39,
309,Lamiales,Verbenaceae,Lippia,gracilis,3.53,30.89,11.39,2.14,5.05,0.41,0.92,1.67,4.41,simple,NA,Lippia_gracilis,NA,3.595,3.705,
310,Laurales,Atherospermataceae,Atherosperma,moschatum,19.23,44.73,13.73,3,10,NA,NA,NA,NA,simple,NA,Atherosperma_moschatum,NA,6.5,NA,
311,Laurales,Atherospermataceae,Doryphora,sassafras,20.03,62.84,16.68,3,10,NA,NA,NA,NA,simple,NA,Doryphora_sassafras,NA,6.5,NA,
312,Laurales,Atherospermataceae,Nemuaron,vieillardii,9.18,51.44,13.33,NA,NA,0.4,1,2.5,6.5,simple,NA,Nemuaron_vieillardii,NA,NA,5.2,
313,Laurales,Calycanthaceae,Idiospermum,australiense,24,156.75,24.16,NA,NA,1.2,2.5,8,20,simple,NA,Idiospermum_australiense,NA,NA,15.85,
314,Laurales,Hernandiaceae,Gyrocarpus,jatrophifolius,7.7,156.92,30.77,NA,NA,1,42.5,5,45,simple,NA,Gyrocarpus_jatrophifolius,NA,NA,46.75,
315,Laurales,Hernandiaceae,Hernandia,albiflora,7.95,76.44,21.44,NA,NA,NA,1,11,16,simple,14.5,Hernandia_albiflora,14.5,NA,NA,
316,Laurales,Hernandiaceae,Hernandia,cordigera,8.5,89.89,24.58,NA,NA,3,10,8,17,simple,NA,Hernandia_cordigera,NA,NA,19,
317,Laurales,Hernandiaceae,Sparattanthelium,amazonum,11.76,137.28,31.35,NA,NA,1,8,2,13,simple,NA,Sparattanthelium_amazonum,NA,NA,12,
318,Laurales,Lauraceae,Beilschmiedia,oreophila,4.23,50.46,10.11,NA,NA,1.36,2.01,14.46,18.18,simple,NA,Beilschmiedia_oreophila,NA,NA,18.005,
319,Laurales,Lauraceae,Cryptocarya,aristata,9.75,71.07,14.96,NA,NA,5,10,6.5,8,simple,NA,Cryptocarya_aristata,NA,NA,14.75,
320,Laurales,Lauraceae,Cryptocarya,aurea,3.75,63.7,17.36,NA,NA,0.94,1.33,8.69,10.23,simple,NA,Cryptocarya_aurea,NA,NA,10.595,
321,Laurales,Lauraceae,Cryptocarya,elliptica,5.39,53.88,13.25,NA,NA,0.6,2,3.5,11,simple,NA,Cryptocarya_elliptica,NA,NA,8.55,
322,Laurales,Lauraceae,Cryptocarya,gracilis,4.35,69.92,16.43,NA,NA,0.3,0.5,3,6,simple,NA,Cryptocarya_gracilis,NA,NA,4.9,
323,Laurales,Lauraceae,Cryptocarya,longifolia,3.5,56.71,15.71,NA,NA,0.6,1,6,13,simple,NA,Cryptocarya_longifolia,NA,NA,10.3,
324,Laurales,Lauraceae,Cryptocarya,macrodesme,5.68,75.35,25.75,NA,NA,2,5,11,30,simple,NA,Cryptocarya_macrodesme,NA,NA,24,
325,Laurales,Lauraceae,Cryptocarya,odorata,3.9,86.4,21.16,NA,NA,1,2,6,16,simple,NA,Cryptocarya_odorata,NA,NA,12.5,
326,Laurales,Lauraceae,Cryptocarya,oubatchensis,5.89,73.8,20.38,NA,NA,0.8,1.5,5,12,simple,NA,Cryptocarya_oubatchensis,NA,NA,9.65,
327,Laurales,Lauraceae,Cryptocarya,pluricostata,3.65,54.46,11.65,NA,NA,1.5,2,5,12,simple,NA,Cryptocarya_pluricostata,NA,NA,10.25,
328,Laurales,Lauraceae,Cryptocarya,velutinosa,7.3,70.07,17.5,NA,NA,0.91,1.42,11.69,16.29,simple,NA,Cryptocarya_velutinosa,NA,NA,15.155,
329,Laurales,Lauraceae,Endiandra,baillonii,4.42,69.59,18.12,NA,NA,1.5,3,5,7.5,simple,NA,Endiandra_baillonii,NA,NA,8.5,
330,Laurales,Lauraceae,Licaria,nayaritensis,3.98,51.77,22.72,NA,NA,0.4,0.9,6.5,12,simple,NA,Licaria_nayaritensis,NA,NA,9.9,
331,Laurales,Lauraceae,Lindera,benzoin,2.91,34.56,16.24,NA,NA,0.5,1.2,6,15,simple,NA,Lindera_benzoin,NA,NA,11.35,
332,Laurales,Lauraceae,Nectandra,ambigens,18,133.07,38.15,NA,NA,2,2.8,9.5,26,simple,NA,Nectandra_ambigens,NA,NA,20.15,
333,Laurales,Lauraceae,Ocotea,corymbosa,4.63,64.86,13.27,NA,NA,0.8,2,5,10,simple,NA,Ocotea_corymbosa,NA,NA,8.9,
334,Laurales,Lauraceae,Sassafras,albidum,5,68.51,17.74,NA,NA,NA,2.54,10,16,simple,15.54,Sassafras_albidum,15.54,NA,NA,
335,Laurales,Monimiaceae,Hedycarya,cupulata,5.53,62.31,18.84,NA,NA,6,1.5,5,13,simple,NA,Hedycarya_cupulata,NA,NA,12.75,
336,Laurales,Monimiaceae,Hedycarya,engleriana,5.74,72.33,20.84,NA,NA,0.4,0.7,5,10,simple,NA,Hedycarya_engleriana,NA,NA,8.05,
337,Laurales,Monimiaceae,Hedycarya,parvifolia,7.83,63.39,12.37,NA,NA,0.4,1.5,3,11,simple,NA,Hedycarya_parvifolia,NA,NA,7.95,
338,Laurales,Monimiaceae,Kibaropsis,caledonica,6.28,37.89,23.73,NA,NA,NA,NA,20,25,simple,22.5,Kibaropsis_caledonica,22.5,NA,NA,Subsésil
339,Laurales,Monimiaceae,Palmeria,scandens,6.67,60.47,28.7,NA,NA,0.4,1.4,4.5,19,simple,NA,Palmeria_scandens,NA,NA,12.65,
340,Laurales,Monimiaceae,Wilkiea,hugeliana,2.64,45.1,11.18,NA,NA,0.6,1,6,15,simple,NA,Wilkiea_hugeliana,NA,NA,11.3,
341,Laurales,Siparunaceae,Siparuna,gesnerioides,9.3,63.68,19.98,NA,NA,1,5,10,28,simple,NA,Siparuna_gesnerioides,NA,NA,22,
342,Laurales,Siparunaceae,Siparuna,thecaphora,4.77,51.83,25.71,NA,NA,0.7,3,9,30,simple,NA,Siparuna_thecaphora,NA,NA,21.35,
343,Liliales,Smilacaceae,Smilax,leucophylla,6.18,74.23,38.26,NA,NA,4,5,10,32,simple,NA,Smilax_leucophylla,NA,NA,25.5,
344,Liliales,Smilacaceae,Smilax,polyantha,3.94,69.69,29.9,NA,NA,0.35,1.04,3.08,7.57,simple,NA,Smilax_polyantha,NA,NA,6.02,
345,Magnoliales,Annonaceae,Annona,coriacea,2.71,94.09,17.89,NA,NA,NA,0.5,10,13.5,simple,12.25,Annona_coriacea,12.25,NA,NA,Subsésil
346,Magnoliales,Annonaceae,Annona,leptopetala,4.43,33.82,12.66,NA,NA,0.6,0.8,8,10,simple,NA,Annona_leptopetala,NA,NA,9.7,
347,Magnoliales,Annonaceae,Cymbopetalum,baillonii,11.93,87.72,30.05,NA,NA,0.3,0.7,3.1,25.5,simple,NA,Cymbopetalum_baillonii,NA,NA,14.8,
348,Magnoliales,Annonaceae,Hubera,nitidissima,8.6,52.58,16.21,NA,NA,0.09,0.58,5.2,10.88,simple,NA,Hubera_nitidissima,NA,NA,8.375,
349,Magnoliales,Annonaceae,Meiogyne,tiebaghiensis,5.1,47.88,20.13,NA,NA,0.1,0.11,2.5,23,simple,NA,Meiogyne_tiebaghiensis,NA,NA,12.855,
350,Magnoliales,Eupomatiaceae,Eupomatia,barbata,0.49,20.17,15.32,NA,NA,0.25,0.6,6,22,simple,NA,Eupomatia_barbata,NA,NA,14.425,
351,Magnoliales,Eupomatiaceae,Eupomatia,laurina,10.63,67.51,14.65,NA,NA,NA,0.3,7,20,simple,13.8,Eupomatia_laurina,13.8,NA,NA,Subsésil
352,Magnoliales,Himantandraceae,Galbulimima,baccata,8.31,75.78,25.07,NA,NA,0.8,2,7,11.5,simple,NA,Galbulimima_baccata,NA,NA,10.65,
353,Magnoliales,Magnoliaceae,Liriodendron,tulipifera,30.15,74.25,16.5,NA,NA,5,11.5,7.5,15,simple,NA,Liriodendron_tulipifera,NA,NA,19.5,
354,Magnoliales,Myristicaceae,Virola,guatemalensis,6.78,70.6,28.18,NA,NA,0.5,1.4,13,25,simple,NA,Virola_guatemalensis,NA,NA,19.95,
355,Malpighiales,Achariaceae,Ryparosa,kurrangii,14.83,76.14,24.07,NA,NA,2.5,4,15,32,simple,NA,Ryparosa_kurrangii,NA,NA,26.75,
356,Malpighiales,Balanopaceae,Balanops,pancheri,3.52,32.74,20.93,NA,NA,0.6,0.8,12,18,simple,NA,Balanops_pancheri,NA,NA,15.7,
357,Malpighiales,Calophyllaceae,Kielmeyera,grandiflora,2.52,66.02,32.55,8.4,12.3,0.5,1.1,8.4,12.3,simple,NA,Kielmeyera_grandiflora,NA,10.35,11.15,
358,Malpighiales,Chrysobalanaceae,Couepia,grandiflora,2.64,114.31,15.5,NA,NA,0.3,1.3,7.5,18,simple,NA,Couepia_grandiflora,NA,NA,13.55,
359,Malpighiales,Clusiaceae,Garcinia,intermedia,12.5,83.9,28.32,NA,NA,1.5,2.5,12,24,simple,NA,Garcinia_intermedia,NA,NA,20,
360,Malpighiales,Clusiaceae,Montrouziera,sphaeroidea,2.21,89.25,13.75,7.5,10.1,0.7,1.8,6.2,8.3,simple,NA,Montrouziera_sphaeroidea,NA,8.8,8.5,
361,Malpighiales,Erythroxylaceae,Erythroxylum,revolutum,4.87,37.98,8.28,NA,NA,0.2,0.62,1.6,6,simple,NA,Erythroxylum_revolutum,NA,NA,4.21,
362,Malpighiales,Euphorbiaceae,Adelia,brandegeei,3.52,36.58,14.67,NA,NA,0,0.2,2,3,simple,NA,Adelia_brandegeei,NA,NA,2.6,
363,Malpighiales,Euphorbiaceae,Cnidoscolus,urens,1.34,65.24,32.8,NA,NA,3,5,3,5,simple,NA,Cnidoscolus_urens,NA,NA,8,
364,Malpighiales,Euphorbiaceae,Croton,blanchetianus,4.96,46.01,9.76,NA,NA,0.7,1.5,5,6,simple,NA,Croton_blanchetianus,NA,NA,6.6,
365,Malpighiales,Euphorbiaceae,Croton,californicus,0.67,30.44,10.87,NA,NA,1,3.5,2.5,5,simple,NA,Croton_californicus,NA,NA,6,
366,Malpighiales,Euphorbiaceae,Croton,echioideus,3.9,24.83,12.87,NA,NA,3.3,6.5,8.5,12,simple,NA,Croton_echioideus,NA,NA,15.15,
367,Malpighiales,Euphorbiaceae,Euphorbia,californica,1.84,55.76,17.84,0.8,3,0.6,1,0.6,2,simple,NA,Euphorbia_californica,NA,1.9,2.1,
368,Malpighiales,Euphorbiaceae,Euphorbia,lomelii,1.53,31.68,10.95,NA,NA,0.1,0.3,0.3,1,simple,NA,Euphorbia_lomelii,NA,NA,0.85,
369,Malpighiales,Euphorbiaceae,Homalanthus,populifolius,8.5,95.43,34.75,NA,NA,3,9.5,6.5,11.5,simple,NA,Homalanthus_populifolius,NA,NA,15.25,
370,Malpighiales,Euphorbiaceae,Jatropha,cinerea,4.37,80.62,14.24,3,6.5,2,6,2,4,simple,NA,Jatropha_cinerea,NA,4.75,7,
371,Malpighiales,Euphorbiaceae,Jatropha,cuneata,1.27,60,11.45,NA,NA,0,0.2,0.7,1.9,simple,NA,Jatropha_cuneata,NA,NA,1.4,
372,Malpighiales,Euphorbiaceae,Jatropha,mollissima,1.75,37.38,23.3,NA,NA,5,21.5,7,18.5,simple,NA,Jatropha_mollissima,NA,NA,26,
373,Malpighiales,Euphorbiaceae,Manihot,dichotoma,6.03,123.73,32.47,NA,NA,5,15,5,10,simple,NA,Manihot_dichotoma,NA,NA,17.5,
374,Malpighiales,Euphorbiaceae,Sapium,glandulosum,6.74,109.6,19.77,NA,NA,0.5,2,10,16,simple,NA,Sapium_glandulosum,NA,NA,14.25,
375,Malpighiales,Euphorbiaceae,Stillingia,trapezoidea,3.82,77.62,12.91,NA,NA,0.5,1,1.9,6.5,simple,NA,Stillingia_trapezoidea,NA,NA,4.95,
376,Malpighiales,Hypericaceae,Hypericum,aciculare,0.69,12.67,5.85,NA,NA,NA,NA,0.35,0.7,simple,0.52,Hypericum_aciculare,0.52,NA,NA,Sésil
377,Malpighiales,Hypericaceae,Hypericum,androsaemum,0.81,23.57,12.65,NA,NA,NA,NA,3.5,10,simple,6.75,Hypericum_androsaemum,6.75,NA,NA,Sésil
378,Malpighiales,Malpighiaceae,Byrsonima,coccolobifolia,1.79,50.75,16.01,NA,NA,0.5,1.5,7.5,15,simple,NA,Byrsonima_coccolobifolia,NA,NA,12.25,
379,Malpighiales,Malpighiaceae,Byrsonima,intermedia,1.24,39.65,11.88,6.78,11.36,NA,NA,7,14,simple,NA,Byrsonima_intermedia,NA,9.07,NA,
380,Malpighiales,Ochnaceae,Ouratea,spectabilis,1.86,61.75,15.95,NA,NA,0.1,0.2,7.5,10,simple,NA,Ouratea_spectabilis,NA,NA,8.9,
381,Malpighiales,Passifloraceae,Passiflora,edulis,6.93,99.59,21.93,NA,NA,3,9.5,6.5,11.5,simple,NA,Passiflora_edulis,NA,NA,15.25,
382,Malpighiales,Passifloraceae,Passiflora,filipes,2.36,51.83,16.87,NA,NA,1.5,2.5,1,3,simple,NA,Passiflora_filipes,NA,NA,4,
383,Malpighiales,Phyllanthaceae,Breynia,cernua,1.04,32.77,19.24,NA,NA,1.7,3.5,2.5,4,simple,NA,Breynia_cernua,NA,NA,5.85,
384,Malpighiales,Phyllanthaceae,Phyllanthus,aeneus,1.49,39.85,14.85,NA,NA,0.4,0.8,NA,7,simple,7.6,Phyllanthus_aeneus,7.6,NA,NA,
385,Malpighiales,Picrodendraceae,Austrobuxus,eugeniifolius,1.65,60.15,39.15,4.03,6.29,0.32,0.63,3.71,5.66,simple,NA,Austrobuxus_eugeniifolius,NA,5.16,5.16,
386,Malpighiales,Picrodendraceae,Petalostigma,quadriloculare,0.14,20.09,9.35,NA,NA,0.4,0.8,2.2,7,simple,NA,Petalostigma_quadriloculare,NA,NA,5.2,
387,Malpighiales,Rhizophoraceae,Rhizophora,mangle,10.53,79.57,10.99,NA,NA,1.5,2,6,12,simple,NA,Rhizophora_mangle,NA,NA,10.75,
388,Malpighiales,Salicaceae,Populus,tremula,6,49.17,13.22,7,13,4,6,3,7,simple,NA,Populus_tremula,NA,10,10,
389,Malpighiales,Salicaceae,Populus,tremuloides,11.22,45.94,11.88,4,13,1,6,3,7,simple,NA,Populus_tremuloides,NA,8.5,8.5,
390,Malpighiales,Salicaceae,Salix,caprea,7.73,50.16,12.97,5,10,NA,0.5,NA,NA,simple,10,Salix_caprea,10,7.5,NA,
391,Malpighiales,Salicaceae,Salix,lasiolepis,4.08,39.66,12.57,,,0.3,1.6,3.5,12.5,simple,,Salix_lasiolepis,,8.95,8.95,
392,Malpighiales,Violaceae,Hymenanthera,dentata,4.54,29.56,8.34,2.5,4,NA,NA,NA,NA,simple,4.5,Hymenanthera_dentata,4.5,3.25,NA,
393,Malpighiales,Violaceae,Rinorea,guatemalensis,7.92,45.93,19.84,7,14.5,0.4,0.9,6.6,13.6,simple,14.25,Rinorea_guatemalensis,14.25,10.75,10.75,
394,Malvales,Bixaceae,Cochlospermum,regium,8.32,145.66,15.16,NA,NA,NA,NA,NA,NA,simple,8.0714,Cochlospermum_regium,8.0714,NA,NA,
395,Malvales,Malvaceae,Brachychiton,acerifolius,9.3,114.61,12.27,12,20,NA,NA,NA,NA,simple,22,Brachychiton_acerifolius,22,16,NA,
396,Malvales,Malvaceae,Byttneria,aculeata,5.82,53.94,22.72,7,12.5,NA,NA,NA,NA,simple,13.25,Byttneria_aculeata,13.25,9.75,NA,
397,Malvales,Malvaceae,Ceiba,pentandra,25.5,244.3,71.26,11,40,5,25,NA,NA,compound,31,Ceiba_pentandra,31,25.5,NA,
398,Malvales,Malvaceae,Malacothamnus,fasciculatus,2.7,28.82,15.03,NA,NA,NA,NA,2,8,simple,8,Malacothamnus_fasciculatus,8,NA,NA,
399,Malvales,Malvaceae,Melochia,tomentosa,1.02,32.67,10.64,NA,NA,0.3,2.5,1.5,6,simple,4.5,Melochia_tomentosa,4.5,NA,5.15,
400,Malvales,Malvaceae,Sida,galheirensis,1.08,29.31,9.71,1.5,4,0.9,1.1,NA,NA,simple,3.5,Sida_galheirensis,3.5,2.75,NA,
401,Malvales,Malvaceae,Sphaeralcea,ambigua,1.17,23.88,9.63,NA,NA,NA,NA,1.5,5,simple,4,Sphaeralcea_ambigua,4,NA,NA,
402,Malvales,Muntingiaceae,Muntingia,calabura,9.33,147.28,30.03,4,14,1,4,NA,NA,simple,11,Muntingia_calabura,11,9,NA,
403,Malvales,Thymelaeaceae,Daphne,laureola,0.62,23.28,8.51,3,12,NA,NA,NA,NA,simple,9,Daphne_laureola,9,7.5,NA,
404,Malvales,Thymelaeaceae,Ovidia,pillopillo,1.81,23.38,10.31,NA,NA,NA,NA,2,8,simple,8,Ovidia_pillopillo,8,NA,NA,
405,Malvales,Thymelaeaceae,Pimelea,linifolia,1.2,23.03,11.38,NA,NA,NA,NA,0.4,2.9,simple,1.85,Pimelea_linifolia,1.85,NA,NA,
406,Metteneusiales,Metteneusiaceae,Calatola,costaricensis,17.77,92.2,22.33,NA,NA,1,2,6,15,simple,,Calatola_costaricensis,,NA,12,
407,Myrtales,Combretaceae,Combretum,leprosum,7.03,73.77,13.99,NA,NA,NA,NA,NA,NA,simple,14.6961,Combretum_leprosum,14.6961,NA,NA,
408,Myrtales,Melastomataceae,Brachyotum,rotundifolium,2.88,19.29,10.61,NA,NA,NA,NA,NA,NA,simple,9.02,Brachyotum_rotundifolium,9.02,NA,NA,
409,Myrtales,Melastomataceae,Miconia,albicans,3.75,61.88,13.72,NA,NA,NA,NA,NA,NA,simple,6.56284,Miconia_albicans,6.56284,NA,NA,
410,Myrtales,Melastomataceae,Miconia,cf_dodsonii,0.82,18.78,13.07,NA,NA,NA,NA,NA,NA,simple,3.9632,Miconia_cf_dodsonii,3.9632,NA,NA,
411,Myrtales,Melastomataceae,Miconia,namandensis,0.89,12.09,12.31,3.7,7.2,0.7,1.2,3,6,simple,6.4624,Miconia_namandensis,6.4624,5.45,5.45,
412,Myrtales,Myrtaceae,Angophora,costata,31.3,112.4,26.02,7.9,21.5,0.9,2.5,7,19,simple,,Angophora_costata,,14.7,14.7,
413,Myrtales,Myrtaceae,Campomanesia,adamantium,1.68,52.66,12.01,NA,NA,NA,NA,NA,NA,simple,4.6274,Campomanesia_adamantium,4.6274,NA,NA,
414,Myrtales,Myrtaceae,Eucalyptus,coccifera,13.67,117.97,25.81,5.8,12.2,0.8,2.2,5,10,simple,,Eucalyptus_coccifera,,9,9,
415,Myrtales,Myrtaceae,Eucalyptus,pilularis,28.07,143.6,20.69,9,16,NA,NA,NA,NA,simple,17,Eucalyptus_pilularis,17,12.5,NA,
416,Myrtales,Myrtaceae,Eucalyptus,regnans,46.67,157.95,27.3,9,14,1.2,2.2,NA,NA,simple,16,Eucalyptus_regnans,16,11.5,NA,
417,Myrtales,Myrtaceae,Melaleuca,pancheri,3.53,87.81,15.03,4,7,NA,NA,NA,NA,simple,7.5,Melaleuca_pancheri,7.5,5.5,NA,
418,Myrtales,Myrtaceae,Metrosideros,operculata,5.35,79.68,9.82,1.2,4,NA,NA,NA,NA,simple,3.2,Metrosideros_operculata,3.2,2.6,NA,
419,Myrtales,Myrtaceae,Pleurocalyptus,pancheri,6.55,104.56,12.58,10,22,NA,NA,NA,NA,simple,21,Pleurocalyptus_pancheri,21,16,NA,
420,Myrtales,Myrtaceae,Syzygium,macranthum,5.33,112.83,10.79,5,18,NA,NA,NA,NA,simple,14,Syzygium_macranthum,14,11.5,NA,
421,Myrtales,Onagraceae,Fuchsia,magellanica,1.39,32.57,16.1,1.5,7,0.3,2,1.2,5,simple,4.7175,Fuchsia_magellanica,4.7175,4.25,4.25,
422,Myrtales,Vochysiaceae,Callisthene,minor,4.25,31.39,11.62,NA,NA,NA,0.1,0.9,1.5,simple,1.3,Callisthene_minor,1.3,NA,NA,Subsésil
423,Myrtales,Vochysiaceae,Vochysia,guatemalensis,19.33,173.45,33.16,NA,NA,1.3,3,6,17,simple,NA,Vochysia_guatemalensis,NA,NA,13.65,
424,Oxalidales,Brunelliaceae,Brunellia,mexicana,15.87,106.85,13.32,NA,NA,6,15,15,45,compound,NA,Brunellia_mexicana,NA,NA,40.5,
425,Oxalidales,Connaraceae,Rourea,glabra,23.16,127.76,21.23,NA,NA,0.5,7,2,15,compound,NA,Rourea_glabra,NA,NA,12.25,
426,Oxalidales,Cunoniaceae,Bauera,rubioides,0.64,23.5,8.43,NA,NA,NA,NA,0.56,1.56,compound,1.06,Bauera_rubioides,1.06,NA,NA,Sésil
427,Oxalidales,Cunoniaceae,Ceratopetalum,apetalum,19.05,55.41,20.66,NA,NA,1,2,6,12,compound,NA,Ceratopetalum_apetalum,NA,NA,10.5,
428,Oxalidales,Cunoniaceae,Ceratopetalum,gummiferum,12,55.33,10.35,NA,NA,1.23,3.85,3.28,7.95,compound,NA,Ceratopetalum_gummiferum,NA,NA,8.155,
429,Oxalidales,Cunoniaceae,Codia,spatulata,1.45,65.6,18.91,NA,NA,1,2,3,10.5,simple,NA,Codia_spatulata,NA,NA,8.25,
430,Oxalidales,Cunoniaceae,Eucryphia,moorei,12.05,37.85,12.76,NA,NA,1,3,5,15,compound,NA,Eucryphia_moorei,NA,NA,12,
431,Oxalidales,Cunoniaceae,Geissois,pruinosa,6.24,65.79,15.67,NA,NA,3.9,11.3,7.47,22.6,compound,NA,Geissois_pruinosa,NA,NA,22.635,
432,Oxalidales,Cunoniaceae,Pancheria,hirsuta,3.89,40.15,12.64,NA,NA,0.47,2.44,5.32,8.14,compound,NA,Pancheria_hirsuta,NA,NA,8.185,
433,Oxalidales,Elaeocarpaceae,Dubouzetia,campanulata,4.93,48.28,10.66,NA,NA,0.5,1.5,5,12,simple,NA,Dubouzetia_campanulata,NA,NA,9.5,
434,Oxalidales,Elaeocarpaceae,Elaeocarpus,angustifolius,25.4,151.76,26.21,NA,NA,1,1.5,9,14,simple,NA,Elaeocarpus_angustifolius,NA,NA,12.75,
435,Oxalidales,Elaeocarpaceae,Elaeocarpus,reticulatus,9.75,53.25,18.11,NA,NA,0.5,2,5,13,compound,NA,Elaeocarpus_reticulatus,NA,NA,10.25,
436,Oxalidales,Elaeocarpaceae,Tetratheca,rubioides,0.22,11.15,8.17,0.3,1.5,NA,NA,NA,NA,simple,NA,Tetratheca_rubioides,NA,0.9,NA,
437,Pandanales,Pandanaceae,Pandanus,tectorius,8.9,93.07,12.09,NA,180,NA,NA,NA,NA,simple,180,Pandanus_tectorius,180,NA,NA,Posible outlier
438,Paracryphiales,Paracryphiaceae,Paracryphia,alticola,4.19,42.96,12.54,NA,NA,2.5,4,5,13,simple,NA,Paracryphia_alticola,NA,NA,12.25,
439,Paracryphiales,Paracryphiaceae,Quintinia,major,3.85,55.54,15.83,NA,NA,2.2,3.74,11,15.5,simple,NA,Quintinia_major,NA,NA,16.22,
440,Paracryphiales,Paracryphiaceae,Quintinia,oreophila,2,30.46,12.86,NA,NA,0.33,0.8,1.87,3.8,simple,NA,Quintinia_oreophila,NA,NA,3.4,
441,Paracryphiales,Paracryphiaceae,Quintinia,sieberi,13,75.61,14.86,NA,NA,1.15,2.18,6.85,11.59,simple,NA,Quintinia_sieberi,NA,NA,10.885,
442,Paracryphiales,Paracryphiaceae,Quintinia,verdonii,11.57,61.65,21.25,NA,NA,1,2.5,5,15,simple,NA,Quintinia_verdonii,NA,NA,11.75,
443,Picramniales,Picramniaceae,Alvaradoa,amorphoides,6.23,62.46,23.3,NA,NA,1.7,3,12.5,21,compound,NA,Alvaradoa_amorphoides,NA,NA,19.1,
444,Picramniales,Picramniaceae,Picramnia,antidesma,5.8,35.57,20.89,NA,NA,1,5,6.5,18,compound,NA,Picramnia_antidesma,NA,NA,15.25,
445,Piperales,Aristolochiaceae,Aristolochia,emiliae,0.15,20.26,12.83,NA,NA,0.4,0.9,5,8.5,simple,NA,Aristolochia_emiliae,NA,NA,7.4,
446,Piperales,Aristolochiaceae,Aristolochia,taliscana,4.44,78.05,25.94,2.5,7,NA,NA,NA,NA,simple,NA,Aristolochia_taliscana,NA,4.75,NA,
447,Piperales,Piperaceae,Piper,amalago,7.5,66.73,20.65,NA,NA,0.6,1.5,7.5,12,simple,NA,Piper_amalago,NA,NA,10.8,
448,Piperales,Piperaceae,Piper,novae_hollandiae,21.65,193.6,19.4,NA,NA,0.6,3,4,12,simple,NA,Piper_novae_hollandiae,NA,NA,9.8,
449,Poales,Flagellariaceae,Flagellaria,neocaledonica,2.97,103.68,27.76,22,54,NA,NA,NA,NA,simple,NA,Flagellaria_neocaledonica,NA,38,NA,
450,Poales,Poaceae,Panicum,clandestinum,1.04,36.78,22.02,10,25,NA,NA,NA,NA,simple,NA,Panicum_clandestinum,NA,17.5,NA,
451,Poales,Restionaceae,Baloskion,tetraphyllum,1.24,33.46,17.84,NA,NA,NA,NA,1.44,3.32,simple,2.38,Baloskion_tetraphyllum,2.38,NA,NA,Sésil
452,Proteales,Proteaceae,Bellendena,montana,0.5,24.52,7.84,1,6,NA,NA,NA,NA,simple,NA,Bellendena_montana,NA,3.5,NA,
453,Proteales,Proteaceae,Embothrium,coccineum,1.34,30.86,8.17,4,8,NA,NA,NA,NA,simple,NA,Embothrium_coccineum,NA,6,NA,
454,Proteales,Proteaceae,Grevillea,exul,3.11,78.35,18.73,NA,NA,0.9,2.1,6.6,9.6,simple,NA,Grevillea_exul,NA,NA,9.6,
455,Proteales,Proteaceae,Lambertia,formosa,2.8,34.44,12.06,3,8,NA,NA,NA,NA,simple,NA,Lambertia_formosa,NA,5.5,NA,
456,Proteales,Proteaceae,Orites,diversifolius,1.99,34.81,8.11,NA,NA,0.2,0.3,2,12,simple,NA,Orites_diversifolius,NA,NA,7.25,
457,Proteales,Proteaceae,Persoonia,falcata,5,102.98,16.58,8,35,NA,NA,NA,NA,simple,NA,Persoonia_falcata,NA,21.5,NA,
458,Proteales,Proteaceae,Roupala,montana,5.63,89.07,15.11,NA,NA,3,5,5,12,simple,NA,Roupala_montana,NA,NA,12.5,
459,Proteales,Proteaceae,Stenocarpus,umbellifer,1.43,63.55,17.06,NA,NA,0.3,0.76,2.57,4.91,simple,NA,Stenocarpus_umbellifer,NA,NA,4.27,
460,Proteales,Proteaceae,Symphionema,montanum,0.56,16.71,12.12,1.66,4.08,NA,NA,NA,NA,simple,NA,Symphionema_montanum,NA,2.87,NA,
461,Proteales,Proteaceae,Telopea,truncata,2.09,33.46,15.44,3,14,NA,NA,NA,NA,simple,NA,Telopea_truncata,NA,8.5,NA,
462,Ranunculales,Berberidaceae,Berberis,aquifolium,3.76,25.16,11.66,NA,NA,1,6,5.1,8.7,compound,NA,Berberis_aquifolium,NA,NA,10.4,
463,Ranunculales,Berberidaceae,Berberis,darwinii,0.95,17.29,8.78,NA,NA,0.1,0.3,1.7,3,simple,NA,Berberis_darwinii,NA,NA,2.55,
464,Ranunculales,Berberidaceae,Berberis,empetrifolia,0.67,18.87,8.52,NA,NA,0.1,0.25,0.5,1.8,simple,NA,Berberis_empetrifolia,NA,NA,1.325,
465,Ranunculales,Berberidaceae,Berberis,microphylla,0.79,18.38,7.8,NA,NA,0.2,0.8,2,6,simple,NA,Berberis_microphylla,NA,NA,4.5,
466,Ranunculales,Berberidaceae,Berberis,serratodentata,0.82,17.2,8.68,NA,NA,0.6,0.7,2.3,9.3,simple,NA,Berberis_serratodentata,NA,NA,6.45,
467,Ranunculales,Berberidaceae,Nandina,domestica,0.62,13.75,9.11,30,50,0.97,2.01,NA,NA,compound,NA,Nandina_domestica,NA,40,NA,
468,Ranunculales,Menispermaceae,Hyperbaena,ilicifolia,3.48,88.24,20.54,NA,NA,NA,NA,NA,NA,simple,9,Hyperbaena_ilicifolia,9,NA,NA,
469,Ranunculales,Menispermaceae,Stephania,japonica,6.23,105.08,31.23,NA,NA,3,12,5,12,simple,NA,Stephania_japonica,NA,NA,16,
470,Ranunculales,Papaveraceae,Bocconia,arborea,8.22,148.79,27.83,15,25,0.94,1.92,NA,NA,simple,NA,Bocconia_arborea,NA,20,NA,
471,Ranunculales,Ranunculaceae,Clematis,glycinoides,8.86,70.2,34.26,NA,NA,2,8,2.5,13,compound,NA,Clematis_glycinoides,NA,NA,12.75,
472,Ranunculales,Ranunculaceae,Clematis,vitalba,4.17,73.77,15.8,NA,NA,1.07,5.26,9,13.2,compound,NA,Clematis_vitalba,NA,NA,14.265,
473,Rosales,Moraceae,Ficus,insipida,21,218.76,44.32,10,25,3,8,NA,NA,simple,NA,Ficus_insipida,NA,17.5,NA,
474,Rosales,Moraceae,Pseudolmedia,glabrata,17,109.67,31.44,6,22,NA,NA,NA,NA,simple,NA,Pseudolmedia_glabrata,NA,14,NA,
475,Rosales,Rhamnaceae,Alphitonia,neocaledonica,5.37,76.43,12.14,NA,NA,1,3,NA,NA,simple,9.94,Alphitonia_neocaledonica,9.94,NA,NA,
476,Rosales,Rhamnaceae,Ceanothus,cordulatus,2.08,19,8.86,NA,NA,0.2,0.8,1,3,simple,NA,Ceanothus_cordulatus,NA,NA,2.5,
477,Rosales,Rhamnaceae,Ceanothus,cuneatus,4.37,29.11,7.92,NA,NA,0.1,0.3,0.4,2.2,simple,NA,Ceanothus_cuneatus,NA,NA,1.5,
478,Rosales,Rhamnaceae,Ceanothus,leucodermis,1.42,24.9,10.92,NA,NA,0.3,0.7,0.5,3,simple,NA,Ceanothus_leucodermis,NA,NA,2.25,
479,Rosales,Rhamnaceae,Ceanothus,spinosus,7.08,32.27,10.45,NA,NA,0.4,0.7,1.1,3.5,simple,NA,Ceanothus_spinosus,NA,NA,2.85,
480,Rosales,Rhamnaceae,Colubrina,viridis,3.38,42.68,9.23,NA,NA,0.1,1.6,0.6,4.2,simple,NA,Colubrina_viridis,NA,NA,3.25,
481,Rosales,Rhamnaceae,Frangula,californica,2.06,30.89,10.51,NA,NA,0.3,1,NA,NA,simple,5.72,Frangula_californica,5.72,NA,NA,
482,Rosales,Rhamnaceae,Ochetophila,nana,1.65,32.9,8.01,NA,NA,NA,NA,NA,NA,simple,0.76,Ochetophila_nana,0.76,NA,NA,
483,Rosales,Rhamnaceae,Pomaderris,ledifolia,2.9,40.04,12.43,NA,NA,0.1,0.25,0.2,1,simple,NA,Pomaderris_ledifolia,NA,NA,0.775,
484,Rosales,Rhamnaceae,Rhamnus,alpina,2.49,30.17,11.28,NA,NA,1,1.5,2,13,simple,NA,Rhamnus_alpina,NA,NA,8.75,
485,Rosales,Rhamnaceae,Ziziphus,joazeiro,9.7,84.44,14.06,5,10,0,0.7,NA,NA,simple,NA,Ziziphus_joazeiro,NA,7.5,NA,
486,Rosales,Rhamnaceae,Ziziphus,parryi,3.41,51.75,14.77,NA,NA,0.1,0.3,NA,NA,simple,1.94,Ziziphus_parryi,1.94,NA,NA,
487,Rosales,Rosaceae,Adenostoma,fasciculatum,2.34,19.74,8.45,0.3,1,NA,NA,NA,NA,simple,NA,Adenostoma_fasciculatum,NA,0.65,NA,
488,Rosales,Rosaceae,Amelanchier,ovalis,1.31,21.15,10.9,NA,NA,0.5,1.6,1.3,4.6,simple,NA,Amelanchier_ovalis,NA,NA,4,
489,Rosales,Rosaceae,Cercocarpus,montanus_var_glaber,2.62,29.22,10.31,NA,NA,0.19,0.9,1.2,5,simple,NA,Cercocarpus_montanus_var_glaber,NA,NA,3.645,
490,Rosales,Rosaceae,Crataegus,monogyna,5.1,28.65,8.91,NA,NA,0.1,3,1,3,simple,NA,Crataegus_monogyna,NA,NA,3.55,
491,Rosales,Rosaceae,Heteromeles,arbutifolia,5.36,28.22,11.47,NA,NA,1,2,NA,NA,simple,10.01,Heteromeles_arbutifolia,10.01,NA,NA,
492,Rosales,Rosaceae,Holodiscus,dumosus,1.9,25.48,10.7,1,4,0,0.6,NA,NA,simple,NA,Holodiscus_dumosus,NA,2.5,NA,
493,Rosales,Rosaceae,Polylepis,besseri,5.3,54.08,12.82,1.8,7.9,1.31,1.95,NA,NA,compound,NA,Polylepis_besseri,NA,4.85,NA,
494,Rosales,Rosaceae,Polylepis,tarapacana,3.79,32.81,5.21,1.9,2.4,0.6,1.33,NA,NA,compound,NA,Polylepis_tarapacana,NA,2.15,NA,
495,Rosales,Rosaceae,Prunus,avium,8.9,47.65,12.67,NA,NA,2,4,7,14,simple,NA,Prunus_avium,NA,NA,13.5,
496,Rosales,Rosaceae,Prunus,fasciculata,1.97,21.41,10.27,0.5,2,NA,NA,NA,NA,simple,NA,Prunus_fasciculata,NA,1.25,NA,
497,Rosales,Rosaceae,Prunus,serotina,28.93,60.83,10.9,NA,NA,0.4,2.2,2.5,9,simple,NA,Prunus_serotina,NA,NA,7.05,
498,Rosales,Rosaceae,Rosa,californica,2.03,26.31,9.81,4,14,1.3,3.04,NA,NA,compound,NA,Rosa_californica,NA,9,NA,
499,Rosales,Rosaceae,Rosa,canina,1.92,31.06,14.23,6,11,1.51,2.78,NA,NA,compound,NA,Rosa_canina,NA,8.5,NA,
500,Rosales,Rosaceae,Rosa,glauca,1.98,28.77,18.16,6,10.5,NA,NA,NA,NA,compound,NA,Rosa_glauca,NA,8.25,NA,
501,Rosales,Rosaceae,Rosa,pendulina,0.5,23.48,10.78,5.08,15.24,2,5.3,3.4,11.5,compound,NA,Rosa_pendulina,NA,10.16,11.1,
502,Rosales,Rosaceae,Rubus,fruticosus,3.75,55.07,19.93,6.7,12.8,1.6,4.8,2.2,6.2,compound,NA,Rubus_fruticosus,NA,9.75,7.4,
503,Rosales,Rosaceae,Rubus,idaeus,0.7,35.23,13.77,7,12.6,3,6,5.7,10.6,compound,NA,Rubus_idaeus,NA,9.8,12.65,
504,Rosales,Rosaceae,Sorbus,aria,7.5,40.9,7.76,5.08,20.32,1.27,2.54,6.5,7.2,simple,NA,Sorbus_aria,NA,12.7,8.755,
505,Rosales,Rosaceae,Sorbus,aucuparia,4.1,32.57,11.98,12.7,22.86,2.3,2.6,9.7,12.6,compound,NA,Sorbus_aucuparia,NA,17.78,13.6,
506,Rosales,Rosaceae,Sorbus,chamaemespilus,4.07,39.49,10.68,3.175,9,0.2,0.6,NA,NA,simple,NA,Sorbus_chamaemespilus,NA,6.0875,NA,
507,Rosales,Rosaceae,Spiraea,tomentosa,1.12,16.54,10.21,NA,NA,0.2,0.3,3,6,simple,NA,Spiraea_tomentosa,NA,NA,4.75,
508,Rosales,Ulmaceae,Celtis,iguanaea,22.26,138.22,28.19,3,13,0.5,1,NA,NA,simple,NA,Celtis_iguanaea,NA,8,NA,
509,Rosales,Ulmaceae,Ulmus,glabra,16.5,75.91,14.43,NA,NA,0.2,0.7,7,14,simple,NA,Ulmus_glabra,NA,NA,10.95,
510,Rosales,Ulmaceae,Ulmus,mexicana,27.5,95,17.36,4,16,0.4,1,NA,NA,simple,NA,Ulmus_mexicana,NA,10,NA,
511,Rosales,Urticaceae,Cecropia,obtusifolia,22.4,189.15,45.58,NA,NA,20,80,30,90,simple,NA,Cecropia_obtusifolia,NA,NA,110,
512,Rosales,Urticaceae,Dendrocnide,excelsa,22,198.72,44.81,15,40,5,15,NA,NA,simple,NA,Dendrocnide_excelsa,NA,27.5,NA,
513,Rosales,Urticaceae,Myriocarpa,longipes,7.42,83.94,41.79,22,78.2,4,18.5,NA,NA,simple,NA,Myriocarpa_longipes,NA,50.1,NA,
514,Rosales,Zygophyllaceae,Krameria,lappacea,0.6,26.89,12.47,0.6,1.5,NA,NA,0.6,1.5,simple,NA,Krameria_lappacea,NA,1.05,NA,
515,Sabiales,Sabiaceae,Meliosma,dentata,7.8,78.45,21.01,4,19,0.3,1.4,NA,NA,simple,NA,Meliosma_dentata,NA,11.5,NA,
516,Sabiales,Sabiaceae,Meliosma,occidentalis,26.67,121,37.58,6,26,1,3.5,NA,NA,simple,NA,Meliosma_occidentalis,NA,16,NA,
517,Santalales,Loranthaceae,Amyema,pendula,1.02,30.34,16.18,10,44,1,4,NA,NA,simple,NA,Amyema_pendula,NA,27,NA,
518,Santalales,Loranthaceae,Atkinsonia,ligustrina,1.57,50.67,15.71,2,5,0,0.2,NA,NA,simple,NA,Atkinsonia_ligustrina,NA,3.5,NA,
519,Santalales,Loranthaceae,Nuytsia,floribunda,7.53,87.54,16.17,2.5,10,NA,NA,NA,NA,simple,NA,Nuytsia_floribunda,NA,6.25,NA,
520,Santalales,Olacaceae,Ximenia,americana,5.09,56.58,14.26,3,11,0.5,0.7,NA,NA,simple,NA,Ximenia_americana,NA,7,NA,
521,Santalales,Opiliaceae,Agonandra,racemosa,2.74,53.19,29.9,NA,NA,0.4,0.9,4,7.5,simple,NA,Agonandra_racemosa,NA,NA,6.4,
522,Santalales,Santalaceae,Exocarpos,neocaledonicus,1.62,34.48,14.52,3.4,5,NA,NA,3.4,5,simple,NA,Exocarpos_neocaledonicus,NA,4.2,NA,
523,Santalales,Santalaceae,Myoschilos,oblongum,0.74,23.65,9.67,1,3,0.03,0.1,1,1.7,simple,NA,Myoschilos_oblongum,NA,2,1.415,
524,Santalales,Santalaceae,Phoradendron,villosum,0.68,26,13.82,NA,NA,NA,NA,1.3,4.5,simple,2.9,Phoradendron_villosum,2.9,NA,NA,Sésil
525,Sapindales,Anacardiaceae,Cyrtocarpa,edulis,5.18,83.45,15.84,6.8,9.9,1.3,3.3,4.1,7.7,compound,NA,Cyrtocarpa_edulis,NA,8.35,8.2,
526,Sapindales,Anacardiaceae,Lithraea,molleoides,5.44,52.99,12.18,8,14,1.5,3.5,NA,NA,compound,11,Lithraea_molleoides,11,11,NA,
527,Sapindales,Anacardiaceae,Malosma,laurina,6.73,59.15,17.39,7,10,1,3,NA,NA,simple,NA,Malosma_laurina,NA,8.5,NA,
528,Sapindales,Anacardiaceae,Myracrodruon,urundeuva,8.93,93.93,13.45,10,30,2,6,8,24,compound,NA,Myracrodruon_urundeuva,NA,20,20,
529,Sapindales,Anacardiaceae,Rhus,ovata,1.96,43.27,12.04,5.08,7.62,0.84668,1.69336,NA,NA,simple,NA,Rhus_ovata,NA,6.35,NA,
530,Sapindales,Anacardiaceae,Schinopsis,brasiliensis,12.07,86.22,14.75,5,15,1,3,2,14,compound,NA,Schinopsis_brasiliensis,NA,10,10,
531,Sapindales,Anacardiaceae,Spondias,tuberosa,6.87,112.11,20.06,6,17,1.7,5,NA,NA,compound,NA,Spondias_tuberosa,NA,11.5,NA,
532,Sapindales,Burseraceae,Bursera,cerasifolia,5.22,75.81,13.52,4,6,NA,NA,NA,NA,simple,NA,Bursera_cerasifolia,NA,5,NA,
533,Sapindales,Burseraceae,Bursera,fagaroides,2.9,77.76,12.73,NA,NA,0.5,2,0.8,3,compound,NA,Bursera_fagaroides,NA,NA,3.15,
534,Sapindales,Burseraceae,Bursera,filicifolia,5.22,83.98,17.52,2,4,NA,NA,NA,NA,compound,NA,Bursera_filicifolia,NA,3,NA,
535,Sapindales,Burseraceae,Bursera,microphylla,4.6,82.72,11.44,0.9,2.5,0.2,0.6,0.2,0.4,compound,NA,Bursera_microphylla,NA,1.7,0.7,
536,Sapindales,Burseraceae,Commiphora,leptophloeos ,6.13,105.91,19.93,2.9,8.2,1.4,7.5,3.3,6,compound,NA,Commiphora_leptophloeos ,NA,5.55,9.1,
537,Sapindales,Rutaceae,Boronia,pinnata,1.64,21.88,11.84,1.7,7.5,0.6,1.4,0.5,2.5,compound,NA,Boronia_pinnata,NA,4.6,2.5,
538,Sapindales,Rutaceae,Brombya,platynema,8.49,60.66,19.87,NA,NA,1.27,2.54,8,21,simple,16.4,Brombya_platynema,16.4,NA,16.405,
539,Sapindales,Rutaceae,Zanthoxylum,caribaeum,14.11,109.15,24.55,15,27,NA,NA,NA,NA,compound,NA,Zanthoxylum_caribaeum,NA,21,NA,
540,Sapindales,Rutaceae,Zanthoxylum,rhoifolium,4.32,47.06,22.98,7.5,46,NA,NA,NA,NA,compound,NA,Zanthoxylum_rhoifolium,NA,26.75,NA,
541,Sapindales,Sapindaceae,Acer,campestre,10,41.89,11.75,NA,NA,1.625,4.877,3.397,7.281,simple,NA,Acer_campestre,NA,NA,8.59,
542,Sapindales,Sapindaceae,Acer,pensylvanicum,2.62,35.54,12.62,NA,NA,2.67,5.91,6.76,14,simple,NA,Acer_pensylvanicum,NA,NA,14.67,
543,Sapindales,Sapindaceae,Acer,pseudoplatanus,5.03,56.68,19.21,NA,NA,3.369,7.478,6.76,9.473,simple,NA,Acer_pseudoplatanus,NA,NA,13.54,
544,Sapindales,Sapindaceae,Acer,rubrum,20.38,53.35,12.11,NA,NA,6.84,10.75,1.9,6.3,simple,NA,Acer_rubrum,NA,NA,12.895,
545,Sapindales,Sapindaceae,Cardiospermum,grandiflorum,17.07,121.69,29.27,NA,NA,1.7,7.1,5.53,11.6,compound,NA,Cardiospermum_grandiflorum,NA,NA,12.965,
546,Sapindales,Sapindaceae,Cardiospermum,halicababum,12.48,51.56,16.93,NA,NA,0.4,6,5,10,compound,NA,Cardiospermum_halicababum,NA,NA,10.7,
547,Sapindales,Sapindaceae,Distichostemon,hispidulus,0.2,23.33,15.26,NA,NA,0.2,1.4,1.5,9,simple,NA,Distichostemon_hispidulus,NA,NA,6.05,
548,Sapindales,Sapindaceae,Paullinia,sessiliflora,13.61,82.53,23.9,NA,NA,3.04,8.9,9.05,16.6,compound,NA,Paullinia_sessiliflora,NA,NA,18.795,
549,Sapindales,Sapindaceae,Thouinidium,decandrum,16.05,84.62,22.42,NA,NA,2.3,3.7,10.1,22.5,compound,NA,Thouinidium_decandrum,NA,NA,19.3,
550,Sapindales,Simaroubaceae,Castela,peninsularis,1.72,42.81,9.43,NA,NA,0.1,0.4,1.27,1.54,simple,NA,Castela_peninsularis,NA,NA,1.655,
551,Saxifragales,Altingiaceae,Liquidambar,styraciflua,23.83,56.86,20.94,NA,NA,0.6,1,7,19,simple,NA,Liquidambar_styraciflua,NA,NA,13.8,
552,Saxifragales,Aphanopetalaceae,Aphanopetalum,resinosum,1.77,32.17,12.24,4,8,0.2,0.5,NA,NA,simple,NA,Aphanopetalum_resinosum,NA,6,NA,
553,Saxifragales,Grossulariaceae,Ribes,cucullatum,0.84,24.6,9.56,2,3.7,0.4,1.4,1,1.8,simple,NA,Ribes_cucullatum,NA,2.85,2.3,
554,Saxifragales,Grossulariaceae,Ribes,magellanicum,1.5,28.13,12.03,2,6,0.7,1.1,1.4,2.1,simple,NA,Ribes_magellanicum,NA,4,2.65,
555,Saxifragales,Haloragaceae,Gonocarpus,teucrioides,0.79,14.66,7.97,0.5,1.5,0.1,0.2,0.7,1.5,simple,NA,Gonocarpus_teucrioides,NA,1,1.25,
556,Saxifragales,Hamamelidaceae,Hamamelis,virginiana,6.72,31.79,11.39,9.7,31.7,6,15,3.7,16.7,simple,NA,Hamamelis_virginiana,NA,20.7,20.7,
557,Saxifragales,Hamamelidaceae,Noahdendron,nicholasii,13.06,47.59,24.36,NA,NA,0.8,1.5,12,28,simple,21.15,Noahdendron_nicholasii,21.15,NA,21.15,
558,Saxifragales,Tetracarpaeaceae,Tetracarpaea,tasmannica,0.48,14.1,6.88,0.9,3.2,0,0.2,NA,NA,simple,NA,Tetracarpaea_tasmannica,NA,2.05,NA,
559,Solanales,Convolvulaceae,Convolvulus,nodiflorus,1,38.47,19.43,3,9,NA,NA,NA,NA,simple,NA,Convolvulus_nodiflorus,NA,6,NA,
560,Solanales,Convolvulaceae,Decalobanthus,peltatus,55,303.71,37.2,10.5,49,3,24,7.5,25,simple,29.75,Decalobanthus_peltatus,29.75,29.75,29.75,
561,Solanales,Convolvulaceae,Ipomoea,bracteata,10.1,156.47,27.92,NA,NA,0,4,1.5,9.5,simple,NA,Ipomoea_bracteata,NA,NA,7.5,
562,Solanales,Convolvulaceae,Ipomoea,indica,7.25,163.88,35.81,4.5,23,1.5,6,3,17,simple,13.75,Ipomoea_indica,13.75,13.75,13.75,
563,Solanales,Convolvulaceae,Ipomoea,pes_caprae,11.64,142.21,15.43,5,27,2,17,3,10,simple,16,Ipomoea_pes_caprae,16,16,16,
564,Solanales,Convolvulaceae,Ipomoea,wolcottiana,14.2,144.2,48.52,3.2,11.5,1.7,7.16,NA,NA,simple,NA,Ipomoea_wolcottiana,NA,7.35,NA,
565,Solanales,Solanaceae,Athenaea,pogogena,1.58,35.29,13.12,NA,NA,1.61,4.23,NA,NA,simple,11.86,Athenaea_pogogena,11.86,NA,NA,
566,Solanales,Solanaceae,Solanum,hindsianum,1.89,28.27,12.4,2,9,0,2.5,2,6.5,simple,5.5,Solanum_hindsianum,5.5,5.5,5.5,
567,Vitales,Vitaceae,Cissus,gossypiifolia,38.7,234,54.45,6.5,23,1.5,9.5,5,13.5,simple,14.75,Cissus_gossypiifolia,14.75,14.75,14.75,
568,Vitales,Vitaceae,Cissus,hypoglauca,18.77,154.56,32.26,NA,NA,1.6,4,3.5,14,compound,NA,Cissus_hypoglauca,NA,NA,11.55,
569,Vitales,Vitaceae,Cissus,verticillata,23.87,253.03,45.27,3.5,21.5,1,6.5,2.5,15,simple,12.5,Cissus_verticillata,12.5,12.5,12.5,
570,Vitales,Vitaceae,Leea,indica,1.68,48.04,32.15,14,30,2.91,14.1,NA,NA,compound,NA,Leea_indica,NA,22,NA,
571,Zingiberales,Costaceae,Costus,scaber,1.13,75.92,43.09,10,32,NA,NA,10,32,simple,21,Costus_scaber,21,21,NA,
572,Zingiberales,Strelitziaceae,Strelitzia,nicolai,5.06,112.73,62.91,NA,304.8,NA,182.88,91.44,121.92,simple,289.56,Strelitzia_nicolai,289.56,NA,NA,Probable outlier en la base
573,Zygophyllales,Zygophyllaceae,Guaiacum,coulteri,7.4,49.99,16.39,2.1,6.7,0.1,0.5,2,6.2,compound,4.4,Guaiacum_coulteri,4.4,4.4,4.4,
574,Zygophyllales,Zygophyllaceae,Guaiacum,unijugum,2.09,50.62,17.05,0.6,1.5,0.3,0.5,0.3,1,compound,1.05,Guaiacum_unijugum,1.05,1.05,1.05,
575,Zygophyllales,Zygophyllaceae,Larrea,tridentata,3.38,39.63,17.67,0.1,1.05,0,0.2,0.1,0.85,compound,0.57,Larrea_tridentata,0.57,0.575,0.575,
576,Zygophyllales,Zygophyllaceae,Tribulus,terrestris,1.5,48.14,20.75,1.5,5,NA,NA,1.5,5,compound,3.25,Tribulus_terrestris,3.25,3.25,NA,
